시도교육청,교육지원청,학교명,설립구분,1학년,2학년,3학년,4학년,5학년,6학년,특수학급,순회학급,학급수(계),학생수(계),학급당학생수,작은학교여부,지역(시),지역(구)
전라남도교육청,전라남도목포교육지원청,광주교육대학교목포부설초등학교,국립,3,3,3,3,3,3,1,0,19,394,20.7,0,전라남도,목포시
전라남도교육청,전라남도강진교육지원청,강진동초등학교,공립,1,1,1,1,1,1,1,0,7,54,7.7,1,전라남도,강진군
전라남도교육청,전라남도강진교육지원청,강진중앙초등학교,공립,5,5,6,5,4,4,1,0,30,608,20.3,0,전라남도,강진군
전라남도교육청,전라남도강진교육지원청,계산초등학교,공립,1,1,1,1,1,1,1,0,7,52,7.4,1,전라남도,강진군
전라남도교육청,전라남도강진교육지원청,군동초등학교,공립,1,1,1,1,1,1,1,0,7,30,4.3,1,전라남도,강진군
전라남도교육청,전라남도강진교육지원청,대구초등학교,공립,0,1,1,1,1,1,0,0,5,22,4.4,1,전라남도,강진군
전라남도교육청,전라남도강진교육지원청,도암초등학교,공립,1,1,1,1,1,1,1,0,7,23,3.3,1,전라남도,강진군
전라남도교육청,전라남도강진교육지원청,마량초등학교,공립,1,1,1,1,1,1,1,0,7,28,4.0,1,전라남도,강진군
전라남도교육청,전라남도강진교육지원청,병영초등학교,공립,0,1,1,1,1,1,0,0,5,24,4.8,1,전라남도,강진군
전라남도교육청,전라남도강진교육지원청,성전초등학교,공립,1,1,1,1,1,1,1,0,7,28,4.0,1,전라남도,강진군
전라남도교육청,전라남도강진교육지원청,신전초등학교,공립,1,1,1,1,1,1,1,0,7,31,4.4,1,전라남도,강진군
전라남도교육청,전라남도강진교육지원청,옴천초등학교,공립,0,1,1,1,1,1,1,0,6,18,3.0,1,전라남도,강진군
전라남도교육청,전라남도강진교육지원청,작천초등학교,공립,1,1,1,1,1,1,1,0,7,21,3.0,1,전라남도,강진군
전라남도교육청,전라남도강진교육지원청,칠량초등학교,공립,1,1,1,1,1,1,1,0,7,38,5.4,1,전라남도,강진군
전라남도교육청,전라남도고흥교육지원청,고흥동초등학교,공립,4,6,5,4,5,6,2,0,32,656,20.5,0,전라남도,고흥군
전라남도교육청,전라남도고흥교육지원청,과역초등학교,공립,1,1,1,1,1,1,1,0,7,47,6.7,1,전라남도,고흥군
전라남도교육청,전라남도고흥교육지원청,금산초등학교,공립,1,1,1,1,1,1,1,0,7,59,8.4,1,전라남도,고흥군
전라남도교육청,전라남도고흥교육지원청,남양초등학교,공립,1,1,1,1,1,1,0,0,6,17,2.8,1,전라남도,고흥군
전라남도교육청,전라남도고흥교육지원청,녹동초등학교,공립,3,2,2,2,3,2,2,0,16,288,18.0,0,전라남도,고흥군
전라남도교육청,전라남도고흥교육지원청,대서초등학교,공립,1,1,1,1,1,1,0,0,6,17,2.8,1,전라남도,고흥군
전라남도교육청,전라남도고흥교육지원청,도덕초등학교,공립,1,1,1,1,1,1,1,0,7,35,5.0,1,전라남도,고흥군
전라남도교육청,전라남도고흥교육지원청,도화초등학교,공립,1,1,1,1,1,1,1,0,7,38,5.4,1,전라남도,고흥군
전라남도교육청,전라남도고흥교육지원청,동강초등학교,공립,1,1,1,1,1,1,1,0,7,52,7.4,1,전라남도,고흥군
전라남도교육청,전라남도고흥교육지원청,두원초등학교,공립,1,1,1,1,1,1,0,0,6,34,5.7,1,전라남도,고흥군
전라남도교육청,전라남도고흥교육지원청,백양초등학교,공립,1,1,1,1,1,0,0,0,5,16,3.2,1,전라남도,고흥군
전라남도교육청,전라남도고흥교육지원청,봉래초등학교,공립,1,1,1,1,1,1,1,0,7,36,5.1,1,전라남도,고흥군
전라남도교육청,전라남도고흥교육지원청,영남초등학교,공립,1,1,1,1,1,1,0,0,6,27,4.5,1,전라남도,고흥군
전라남도교육청,전라남도고흥교육지원청,점암초등학교,공립,1,1,1,1,1,1,0,0,6,19,3.2,1,전라남도,고흥군
전라남도교육청,전라남도고흥교육지원청,포두초등학교,공립,1,1,1,1,1,1,1,0,7,57,8.1,1,전라남도,고흥군
전라남도교육청,전라남도고흥교육지원청,풍남초등학교,공립,1,1,1,1,1,1,0,0,6,21,3.5,1,전라남도,고흥군
전라남도교육청,전라남도고흥교육지원청,풍양초등학교,공립,1,1,1,1,1,1,1,0,7,32,4.6,1,전라남도,고흥군
전라남도교육청,전라남도곡성교육지원청,고달초등학교,공립,1,1,1,1,1,1,1,0,7,31,4.4,1,전라남도,곡성군
전라남도교육청,전라남도곡성교육지원청,곡성중앙초등학교,공립,3,3,3,2,3,3,2,0,19,322,16.9,0,전라남도,곡성군
전라남도교육청,전라남도곡성교육지원청,삼기초등학교,공립,1,1,1,1,1,1,1,0,7,27,3.9,1,전라남도,곡성군
전라남도교육청,전라남도곡성교육지원청,석곡초등학교,공립,1,1,1,1,1,1,1,0,7,57,8.1,1,전라남도,곡성군
전라남도교육청,전라남도곡성교육지원청,오산초등학교,공립,1,1,1,1,1,1,1,0,7,33,4.7,1,전라남도,곡성군
전라남도교육청,전라남도곡성교육지원청,옥과초등학교,공립,1,1,2,2,2,2,2,0,12,150,12.5,0,전라남도,곡성군
전라남도교육청,전라남도곡성교육지원청,입면초등학교,공립,1,1,1,1,1,1,1,0,7,39,5.6,1,전라남도,곡성군
전라남도교육청,전라남도곡성교육지원청,죽곡초등학교,공립,1,1,1,1,1,1,1,0,7,31,4.4,1,전라남도,곡성군
전라남도교육청,전라남도광양교육지원청,골약초등학교,공립,2,2,2,2,1,1,0,0,10,127,12.7,0,전라남도,광양시
전라남도교육청,전라남도광양교육지원청,광양가야초등학교,공립,2,2,2,2,2,3,2,0,15,284,18.9,0,전라남도,광양시
전라남도교육청,전라남도광양교육지원청,광양마로초등학교,공립,4,5,5,5,5,5,1,0,30,606,20.2,0,전라남도,광양시
전라남도교육청,전라남도광양교육지원청,광양덕례초등학교,공립,4,4,4,4,4,4,2,0,26,480,18.5,0,전라남도,광양시
전라남도교육청,전라남도광양교육지원청,광양동초등학교,공립,1,1,1,1,1,1,2,0,8,49,6.1,1,전라남도,광양시
전라남도교육청,전라남도광양교육지원청,광양마동초등학교,공립,4,5,6,5,6,6,0,0,32,773,24.2,0,전라남도,광양시
전라남도교육청,전라남도광양교육지원청,광양북초등학교,공립,1,1,1,1,1,1,1,0,7,82,11.7,0,전라남도,광양시
전라남도교육청,전라남도광양교육지원청,광양서초등학교,공립,2,1,2,2,2,1,2,0,12,169,14.1,0,전라남도,광양시
전라남도교육청,전라남도광양교육지원청,광양제철남초등학교,사립,3,3,3,3,3,3,0,0,18,394,21.9,0,전라남도,광양시
전라남도교육청,전라남도광양교육지원청,광양제철초등학교,사립,1,1,2,2,2,2,0,0,10,226,22.6,0,전라남도,광양시
전라남도교육청,전라남도광양교육지원청,광양중동초등학교,공립,2,2,3,2,3,3,2,0,17,291,17.1,0,전라남도,광양시
전라남도교육청,전라남도광양교육지원청,광양중마초등학교,공립,3,3,4,4,4,4,3,0,25,460,18.4,0,전라남도,광양시
전라남도교육청,전라남도광양교육지원청,광양중앙초등학교,공립,3,4,3,4,4,4,2,0,24,513,21.4,0,전라남도,광양시
전라남도교육청,전라남도광양교육지원청,광양중진초등학교,공립,3,3,4,4,4,6,2,0,26,573,22.0,0,전라남도,광양시
전라남도교육청,전라남도광양교육지원청,광영초등학교,공립,2,2,2,2,2,2,1,0,13,228,17.5,0,전라남도,광양시
전라남도교육청,전라남도광양교육지원청,다압초등학교,공립,1,1,1,0,1,1,1,0,6,17,2.8,1,전라남도,광양시
전라남도교육청,전라남도광양교육지원청,봉강초등학교,공립,1,1,1,1,1,1,2,0,8,58,7.3,1,전라남도,광양시
전라남도교육청,전라남도광양교육지원청,성황초등학교,공립,5,5,5,5,4,4,2,0,30,653,21.8,0,전라남도,광양시
전라남도교육청,전라남도광양교육지원청,세풍초등학교,공립,1,1,1,1,1,1,0,0,6,62,10.3,0,전라남도,광양시
전라남도교육청,전라남도광양교육지원청,옥곡초등학교,공립,1,1,1,1,1,1,1,0,7,52,7.4,1,전라남도,광양시
전라남도교육청,전라남도광양교육지원청,옥룡북초등학교,공립,1,1,1,1,1,1,0,0,6,39,6.5,1,전라남도,광양시
전라남도교육청,전라남도광양교육지원청,옥룡초등학교,공립,1,1,1,1,1,1,1,0,7,87,12.4,0,전라남도,광양시
전라남도교육청,전라남도광양교육지원청,진상초등학교,공립,1,1,1,1,1,1,1,0,7,38,5.4,1,전라남도,광양시
전라남도교육청,전라남도광양교육지원청,진월초등학교,공립,1,1,1,1,1,1,0,0,6,39,6.5,1,전라남도,광양시
전라남도교육청,전라남도광양교육지원청,태인초등학교,공립,1,1,1,1,1,1,1,0,7,27,3.9,1,전라남도,광양시
전라남도교육청,전라남도구례교육지원청,간문초등학교,공립,0,1,1,1,1,1,0,0,5,24,4.8,1,전라남도,구례군
전라남도교육청,전라남도구례교육지원청,광의초등학교,공립,1,1,1,1,1,1,1,0,7,34,4.9,1,전라남도,구례군
전라남도교육청,전라남도구례교육지원청,구례북초등학교,공립,3,3,3,2,3,3,1,0,18,313,17.4,0,전라남도,구례군
전라남도교육청,전라남도구례교육지원청,구례중앙초등학교,공립,1,1,1,1,2,1,1,0,8,116,14.5,0,전라남도,구례군
전라남도교육청,전라남도구례교육지원청,문척초등학교,공립,1,1,1,1,1,1,1,0,7,31,4.4,1,전라남도,구례군
전라남도교육청,전라남도구례교육지원청,용방초등학교,공립,1,1,1,1,1,1,1,0,7,56,8.0,1,전라남도,구례군
전라남도교육청,전라남도구례교육지원청,원촌초등학교,공립,1,1,1,1,1,1,0,0,6,32,5.3,1,전라남도,구례군
전라남도교육청,전라남도구례교육지원청,중동초등학교,공립,1,1,1,1,1,1,0,0,6,28,4.7,1,전라남도,구례군
전라남도교육청,전라남도구례교육지원청,청천초등학교,공립,1,1,1,1,1,1,1,0,7,60,8.6,1,전라남도,구례군
전라남도교육청,전라남도구례교육지원청,토지초등학교,공립,1,1,1,1,1,1,0,0,6,36,6.0,1,전라남도,구례군
전라남도교육청,전라남도나주교육지원청,공산초등학교,공립,1,1,1,1,1,1,0,0,6,46,7.7,1,전라남도,나주시
전라남도교육청,전라남도나주교육지원청,금천초등학교,공립,2,2,2,2,2,2,2,0,14,177,12.6,0,전라남도,나주시
전라남도교육청,전라남도나주교육지원청,나주북초등학교,공립,1,0,1,1,1,1,1,0,6,50,8.3,1,전라남도,나주시
전라남도교육청,전라남도나주교육지원청,나주중앙초등학교,공립,2,4,3,3,4,4,2,0,22,441,20.0,0,전라남도,나주시
전라남도교육청,전라남도나주교육지원청,나주초등학교,공립,3,3,3,4,3,3,2,0,21,411,19.6,0,전라남도,나주시
전라남도교육청,전라남도나주교육지원청,남평초등학교,공립,5,5,5,4,4,4,1,0,28,584,20.9,0,전라남도,나주시
전라남도교육청,전라남도나주교육지원청,노안남초등학교,공립,1,1,1,1,1,1,1,0,7,63,9.0,0,전라남도,나주시
전라남도교육청,전라남도나주교육지원청,노안초등학교,공립,1,1,1,1,1,1,0,0,6,41,6.8,1,전라남도,나주시
전라남도교육청,전라남도나주교육지원청,다도초등학교,공립,1,1,1,1,1,1,1,0,7,58,8.3,1,전라남도,나주시
전라남도교육청,전라남도나주교육지원청,다시초등학교,공립,1,1,1,1,1,1,1,0,7,47,6.7,1,전라남도,나주시
전라남도교육청,전라남도나주교육지원청,동강초등학교,공립,1,1,1,1,1,1,1,0,7,33,4.7,1,전라남도,나주시
전라남도교육청,전라남도나주교육지원청,문평초등학교,공립,0,0,1,1,0,1,0,0,3,11,3.7,1,전라남도,나주시
전라남도교육청,전라남도나주교육지원청,반남초등학교,공립,0,1,1,1,0,1,0,0,4,11,2.8,1,전라남도,나주시
전라남도교육청,전라남도나주교육지원청,봉황초등학교,공립,1,1,1,1,1,1,0,0,6,48,8.0,1,전라남도,나주시
전라남도교육청,전라남도나주교육지원청,산포초등학교,공립,1,1,1,1,1,1,1,0,7,63,9.0,0,전라남도,나주시
전라남도교육청,전라남도나주교육지원청,세지초등학교,공립,1,1,1,1,1,1,1,0,7,36,5.1,1,전라남도,나주시
전라남도교육청,전라남도나주교육지원청,양산초등학교,공립,1,1,1,1,1,1,1,0,7,56,8.0,1,전라남도,나주시
전라남도교육청,전라남도나주교육지원청,영강초등학교,공립,1,1,1,1,1,1,2,0,8,87,10.9,0,전라남도,나주시
전라남도교육청,전라남도나주교육지원청,영산포초등학교,공립,2,1,1,2,2,2,1,0,11,152,13.8,0,전라남도,나주시
전라남도교육청,전라남도나주교육지원청,왕곡초등학교,공립,1,1,1,1,1,1,0,0,6,32,5.3,1,전라남도,나주시
전라남도교육청,전라남도담양교육지원청,고서초등학교,공립,1,1,1,1,1,1,0,0,6,56,9.3,1,전라남도,담양군
전라남도교육청,전라남도담양교육지원청,금성초등학교,공립,1,1,1,1,1,1,1,0,7,47,6.7,1,전라남도,담양군
전라남도교육청,전라남도담양교육지원청,가사문학초등학교,공립,1,1,1,1,1,1,1,0,7,26,3.7,1,전라남도,담양군
전라남도교육청,전라남도담양교육지원청,담양남초등학교,공립,3,3,3,3,3,3,0,0,18,365,20.3,0,전라남도,담양군
전라남도교육청,전라남도담양교육지원청,담양동초등학교,공립,2,2,2,2,2,2,1,0,13,232,17.8,0,전라남도,담양군
전라남도교육청,전라남도담양교육지원청,담주초등학교,공립,1,1,1,1,1,1,1,0,7,37,5.3,1,전라남도,담양군
전라남도교육청,전라남도담양교육지원청,만덕초등학교,공립,1,1,1,0,1,1,0,0,5,24,4.8,1,전라남도,담양군
전라남도교육청,전라남도담양교육지원청,무정초등학교,공립,1,1,1,1,1,1,0,0,6,47,7.8,1,전라남도,담양군
전라남도교육청,전라남도담양교육지원청,봉산초등학교,공립,1,1,1,1,1,1,1,0,7,46,6.6,1,전라남도,담양군
전라남도교육청,전라남도담양교육지원청,수북초등학교,공립,1,2,2,2,2,2,1,0,12,160,13.3,0,전라남도,담양군
전라남도교육청,전라남도담양교육지원청,용면초등학교,공립,1,1,1,1,1,1,0,0,6,27,4.5,1,전라남도,담양군
전라남도교육청,전라남도담양교육지원청,월산초등학교,공립,1,1,1,1,1,1,1,0,7,41,5.9,1,전라남도,담양군
전라남도교육청,전라남도담양교육지원청,창평초등학교,공립,1,1,1,1,1,1,0,0,6,65,10.8,0,전라남도,담양군
전라남도교육청,전라남도담양교육지원청,한재초등학교,공립,1,1,1,1,2,1,2,0,9,116,12.9,0,전라남도,담양군
전라남도교육청,전라남도목포교육지원청,목포남초등학교,공립,1,1,1,1,1,1,0,0,6,57,9.5,1,전라남도,목포시
전라남도교육청,전라남도목포교육지원청,목포대성초등학교,공립,4,4,4,3,3,3,2,0,23,458,19.9,0,전라남도,목포시
전라남도교육청,전라남도목포교육지원청,목포대연초등학교,공립,1,2,2,1,2,2,1,0,11,170,15.5,0,전라남도,목포시
전라남도교육청,전라남도목포교육지원청,목포동초등학교,공립,2,2,3,3,3,3,3,0,19,354,18.6,0,전라남도,목포시
전라남도교육청,전라남도목포교육지원청,목포부영초등학교,공립,1,2,1,2,2,2,1,0,11,198,18.0,0,전라남도,목포시
전라남도교육청,전라남도목포교육지원청,목포북교초등학교,공립,1,1,1,1,1,1,2,0,8,93,11.6,0,전라남도,목포시
전라남도교육청,전라남도목포교육지원청,목포산정초등학교,공립,1,1,1,1,1,1,3,0,9,111,12.3,0,전라남도,목포시
전라남도교육청,전라남도목포교육지원청,목포삼학초등학교,공립,2,2,3,2,3,3,1,0,16,335,20.9,0,전라남도,목포시
전라남도교육청,전라남도목포교육지원청,목포상동초등학교,공립,1,1,1,1,1,1,1,0,7,77,11.0,0,전라남도,목포시
전라남도교육청,전라남도목포교육지원청,목포서부초등학교,공립,3,4,4,4,6,7,3,0,31,616,19.9,0,전라남도,목포시
전라남도교육청,전라남도목포교육지원청,목포서산초등학교,공립,1,1,1,1,1,1,1,0,7,32,4.6,1,전라남도,목포시
전라남도교육청,전라남도목포교육지원청,목포신흥초등학교,공립,2,4,4,4,4,4,1,0,23,515,22.4,0,전라남도,목포시
전라남도교육청,전라남도목포교육지원청,목포연동초등학교,공립,1,1,1,1,1,1,1,0,7,96,13.7,0,전라남도,목포시
전라남도교육청,전라남도목포교육지원청,목포연산초등학교,공립,2,3,3,3,4,4,1,0,20,450,22.5,0,전라남도,목포시
전라남도교육청,전라남도목포교육지원청,목포용호초등학교,공립,2,2,2,2,2,2,1,0,13,204,15.7,0,전라남도,목포시
전라남도교육청,전라남도목포교육지원청,목포유달초등학교,공립,1,1,1,1,1,1,0,0,6,66,11.0,0,전라남도,목포시
전라남도교육청,전라남도목포교육지원청,목포이로초등학교,공립,3,4,4,5,5,6,3,0,30,626,20.9,0,전라남도,목포시
전라남도교육청,전라남도목포교육지원청,목포임성초등학교,공립,1,1,1,1,1,1,1,0,7,91,13.0,0,전라남도,목포시
전라남도교육청,전라남도목포교육지원청,목포중앙초등학교,공립,1,1,1,1,1,1,1,0,7,62,8.9,0,전라남도,목포시
전라남도교육청,전라남도목포교육지원청,목포청호초등학교,공립,2,2,3,3,2,3,2,0,17,322,18.9,0,전라남도,목포시
전라남도교육청,전라남도목포교육지원청,목포하당초등학교,공립,1,2,1,2,2,1,2,0,11,163,14.8,0,전라남도,목포시
전라남도교육청,전라남도목포교육지원청,목포한빛초등학교,공립,2,3,3,3,3,3,2,0,19,344,18.1,0,전라남도,목포시
전라남도교육청,전라남도무안교육지원청,망운초등학교,공립,1,1,1,1,1,1,1,0,7,28,4.0,1,전라남도,무안군
전라남도교육청,전라남도무안교육지원청,몽탄초등학교,공립,0,1,1,1,1,1,1,0,6,21,3.5,1,전라남도,무안군
전라남도교육청,전라남도무안교육지원청,무안초등학교,공립,3,4,4,4,4,4,2,0,25,446,17.8,0,전라남도,무안군
전라남도교육청,전라남도무안교육지원청,삼향동초등학교,공립,1,1,1,1,1,1,2,0,8,92,11.5,0,전라남도,무안군
전라남도교육청,전라남도무안교육지원청,삼향북초등학교,공립,1,1,1,1,1,1,1,0,7,39,5.6,1,전라남도,무안군
전라남도교육청,전라남도무안교육지원청,삼향초등학교,공립,2,2,2,2,2,2,1,0,13,220,16.9,0,전라남도,무안군
전라남도교육청,전라남도무안교육지원청,운남초등학교,공립,1,1,1,1,1,1,0,0,6,45,7.5,1,전라남도,무안군
전라남도교육청,전라남도무안교육지원청,일로동초등학교,공립,1,1,1,1,1,1,2,0,8,45,5.6,1,전라남도,무안군
전라남도교육청,전라남도무안교육지원청,일로초등학교,공립,1,1,2,2,1,2,1,0,10,145,14.5,0,전라남도,무안군
전라남도교육청,전라남도무안교육지원청,청계남초등학교,공립,1,1,1,1,1,1,1,0,7,42,6.0,1,전라남도,무안군
전라남도교육청,전라남도무안교육지원청,청계북초등학교,공립,1,1,1,1,1,1,0,0,6,35,5.8,1,전라남도,무안군
전라남도교육청,전라남도무안교육지원청,청계초등학교,공립,1,1,1,1,1,1,1,0,7,88,12.6,0,전라남도,무안군
전라남도교육청,전라남도무안교육지원청,해제남초등학교,공립,0,0,1,0,1,1,1,0,4,15,3.8,1,전라남도,무안군
전라남도교육청,전라남도무안교육지원청,해제초등학교,공립,1,1,1,1,1,1,1,0,7,66,9.4,0,전라남도,무안군
전라남도교육청,전라남도무안교육지원청,현경북초등학교,공립,1,1,1,1,1,1,0,0,6,28,4.7,1,전라남도,무안군
전라남도교육청,전라남도무안교육지원청,현경초등학교,공립,1,1,1,1,1,1,1,0,7,71,10.1,0,전라남도,무안군
전라남도교육청,전라남도보성교육지원청,겸백초등학교,공립,0,1,0,1,1,1,0,0,4,15,3.8,1,전라남도,보성군
전라남도교육청,전라남도보성교육지원청,낙성초등학교,공립,1,1,1,1,1,1,1,0,7,34,4.9,1,전라남도,보성군
전라남도교육청,전라남도보성교육지원청,노동초등학교,공립,0,1,1,1,1,1,1,0,6,17,2.8,1,전라남도,보성군
전라남도교육청,전라남도보성교육지원청,득량남초등학교,공립,1,1,0,1,1,1,0,0,5,18,3.6,1,전라남도,보성군
전라남도교육청,전라남도보성교육지원청,문덕초등학교,공립,0,1,1,1,1,1,0,0,5,23,4.6,1,전라남도,보성군
전라남도교육청,전라남도보성교육지원청,미력초등학교,공립,1,1,1,1,1,1,1,0,7,28,4.0,1,전라남도,보성군
전라남도교육청,전라남도보성교육지원청,벌교중앙초등학교,공립,1,1,1,1,1,1,1,0,7,38,5.4,1,전라남도,보성군
전라남도교육청,전라남도보성교육지원청,벌교초등학교,공립,2,2,3,2,2,2,1,0,14,252,18.0,0,전라남도,보성군
전라남도교육청,전라남도보성교육지원청,보성남초등학교,공립,1,1,2,2,1,2,2,0,11,143,13.0,0,전라남도,보성군
전라남도교육청,전라남도보성교육지원청,보성초등학교,공립,2,3,3,2,2,2,1,0,15,261,17.4,0,전라남도,보성군
전라남도교육청,전라남도보성교육지원청,복내초등학교,공립,1,1,1,1,1,1,1,0,7,24,3.4,1,전라남도,보성군
전라남도교육청,전라남도보성교육지원청,예당초등학교,공립,1,1,1,1,1,1,1,0,7,26,3.7,1,전라남도,보성군
전라남도교육청,전라남도보성교육지원청,율어초등학교,공립,0,0,1,1,1,1,0,0,4,14,3.5,1,전라남도,보성군
전라남도교육청,전라남도보성교육지원청,조성남초등학교,공립,1,1,1,1,1,1,0,0,6,21,3.5,1,전라남도,보성군
전라남도교육청,전라남도보성교육지원청,조성초등학교,공립,1,1,1,1,1,1,0,0,6,30,5.0,1,전라남도,보성군
전라남도교육청,전라남도보성교육지원청,회천서초등학교,공립,0,0,1,0,0,1,0,0,2,5,2.5,1,전라남도,보성군
전라남도교육청,전라남도보성교육지원청,회천초등학교,공립,1,1,1,1,1,1,0,0,6,30,5.0,1,전라남도,보성군
전라남도교육청,전라남도순천교육지원청,낙안초등학교,공립,1,1,1,1,1,1,1,0,7,50,7.1,1,전라남도,순천시
전라남도교육청,전라남도순천교육지원청,동명초등학교,공립,2,2,2,3,3,3,2,0,17,282,16.6,0,전라남도,순천시
전라남도교육청,전라남도순천교육지원청,동산초등학교,공립,6,6,6,6,7,5,3,0,39,692,17.7,0,전라남도,순천시
전라남도교육청,전라남도순천교육지원청,별량초등학교,공립,1,1,1,1,1,1,2,0,8,52,6.5,1,전라남도,순천시
전라남도교육청,전라남도순천교육지원청,상사초등학교,공립,1,1,1,1,1,1,1,0,7,52,7.4,1,전라남도,순천시
전라남도교육청,전라남도순천교육지원청,송광초등학교,공립,0,0,0,0,1,1,0,0,2,5,2.5,1,전라남도,순천시
전라남도교육청,전라남도순천교육지원청,순천대석초등학교,공립,3,4,3,3,4,4,1,0,22,456,20.7,0,전라남도,순천시
전라남도교육청,전라남도순천교육지원청,순천남산초등학교,공립,6,8,9,7,9,7,2,0,48,1116,23.3,0,전라남도,순천시
전라남도교육청,전라남도순천교육지원청,순천남초등학교,공립,2,2,1,2,2,2,2,0,13,180,13.8,0,전라남도,순천시
전라남도교육청,전라남도순천교육지원청,순천도사초등학교,공립,2,2,2,2,1,1,2,0,12,191,15.9,0,전라남도,순천시
전라남도교육청,전라남도순천교육지원청,순천봉화초등학교,공립,2,2,2,2,2,2,0,0,12,239,19.9,0,전라남도,순천시
전라남도교육청,전라남도순천교육지원청,순천부영초등학교,공립,3,3,3,4,4,4,2,0,23,483,21.0,0,전라남도,순천시
전라남도교육청,전라남도순천교육지원청,순천북초등학교,공립,2,3,3,2,2,3,2,0,17,313,18.4,0,전라남도,순천시
전라남도교육청,전라남도순천교육지원청,순천비봉초등학교,공립,2,3,2,2,3,3,2,0,17,321,18.9,0,전라남도,순천시
전라남도교육청,전라남도순천교육지원청,순천삼산초등학교,공립,2,2,2,2,1,2,1,0,12,210,17.5,0,전라남도,순천시
전라남도교육청,전라남도순천교육지원청,순천성남초등학교,공립,1,1,1,1,1,2,2,0,9,139,15.4,0,전라남도,순천시
전라남도교육청,전라남도순천교육지원청,순천성동초등학교,공립,2,2,2,2,2,2,1,0,13,237,18.2,0,전라남도,순천시
전라남도교육청,전라남도순천교육지원청,순천신흥초등학교,공립,2,2,3,3,3,3,2,0,18,349,19.4,0,전라남도,순천시
전라남도교육청,전라남도순천교육지원청,순천연향초등학교,공립,2,3,2,2,2,2,1,0,14,272,19.4,0,전라남도,순천시
전라남도교육청,전라남도순천교육지원청,순천왕조초등학교,공립,2,2,2,1,2,2,1,0,12,193,16.1,0,전라남도,순천시
전라남도교육청,전라남도순천교육지원청,순천왕지초등학교,공립,4,6,6,5,6,6,2,0,35,769,22.0,0,전라남도,순천시
전라남도교육청,전라남도순천교육지원청,순천용당초등학교,공립,8,7,8,8,8,7,1,0,47,1091,23.2,0,전라남도,순천시
전라남도교육청,전라남도순천교육지원청,순천율산초등학교,공립,3,3,5,5,4,5,2,0,27,568,21.0,0,전라남도,순천시
전라남도교육청,전라남도순천교육지원청,순천이수초등학교,공립,2,3,3,3,2,3,2,0,18,340,18.9,0,전라남도,순천시
전라남도교육청,전라남도순천교육지원청,순천인안초등학교,공립,1,1,1,1,1,1,0,0,6,97,16.2,0,전라남도,순천시
전라남도교육청,전라남도순천교육지원청,순천조례초등학교,공립,4,4,4,4,4,4,2,0,26,571,22.0,0,전라남도,순천시
전라남도교육청,전라남도순천교육지원청,순천중앙초등학교,공립,1,1,2,2,2,2,1,0,11,191,17.4,0,전라남도,순천시
전라남도교육청,전라남도순천교육지원청,승주초등학교,공립,1,1,1,1,1,1,0,0,6,28,4.7,1,전라남도,순천시
전라남도교육청,전라남도순천교육지원청,외서초등학교,공립,1,1,1,1,1,1,1,0,7,32,4.6,1,전라남도,순천시
전라남도교육청,전라남도순천교육지원청,월등초등학교,공립,1,1,1,1,1,1,0,0,6,27,4.5,1,전라남도,순천시
전라남도교육청,전라남도순천교육지원청,주암초등학교,공립,1,1,1,1,1,1,0,0,6,19,3.2,1,전라남도,순천시
전라남도교육청,전라남도순천교육지원청,창촌초등학교,공립,1,0,1,1,0,1,1,0,5,14,2.8,1,전라남도,순천시
전라남도교육청,전라남도순천교육지원청,팔마초등학교,공립,3,3,3,3,3,4,2,0,21,394,18.8,0,전라남도,순천시
전라남도교육청,전라남도순천교육지원청,해룡초등학교,공립,1,1,1,1,1,1,2,0,8,66,8.3,0,전라남도,순천시
전라남도교육청,전라남도순천교육지원청,황전초등학교,공립,1,1,1,1,1,1,1,0,7,30,4.3,1,전라남도,순천시
전라남도교육청,전라남도신안교육지원청,가거도초등학교,공립,0,0,1,0,1,0,0,0,2,4,2.0,1,전라남도,신안군
전라남도교육청,전라남도신안교육지원청,도초초등학교,공립,1,1,1,1,1,1,1,0,7,62,8.9,0,전라남도,신안군
전라남도교육청,전라남도신안교육지원청,비금동초등학교,공립,1,1,1,0,1,1,1,0,6,19,3.2,1,전라남도,신안군
전라남도교육청,전라남도신안교육지원청,비금초등학교,공립,1,1,1,1,1,1,1,0,7,54,7.7,1,전라남도,신안군
전라남도교육청,전라남도신안교육지원청,신의초등학교,공립,1,1,1,1,1,1,0,0,6,38,6.3,1,전라남도,신안군
전라남도교육청,전라남도신안교육지원청,안좌초등학교,공립,1,1,1,1,1,1,1,0,7,51,7.3,1,전라남도,신안군
전라남도교육청,전라남도신안교육지원청,암태초등학교,공립,1,1,1,1,1,1,1,0,7,46,6.6,1,전라남도,신안군
전라남도교육청,전라남도신안교육지원청,압해동초등학교,공립,1,1,1,1,1,1,0,0,6,28,4.7,1,전라남도,신안군
전라남도교육청,전라남도신안교육지원청,압해서초등학교,공립,0,1,0,1,1,1,1,0,5,12,2.4,1,전라남도,신안군
전라남도교육청,전라남도신안교육지원청,압해초등학교,공립,1,1,1,1,1,1,1,0,7,56,8.0,1,전라남도,신안군
전라남도교육청,전라남도신안교육지원청,임자남초등학교,공립,1,1,1,1,1,1,1,0,7,32,4.6,1,전라남도,신안군
전라남도교육청,전라남도신안교육지원청,임자초등학교,공립,1,1,1,1,1,1,1,0,7,58,8.3,1,전라남도,신안군
전라남도교육청,전라남도신안교육지원청,자은초등학교,공립,1,1,1,1,1,1,1,0,7,38,5.4,1,전라남도,신안군
전라남도교육청,전라남도신안교육지원청,장산초등학교,공립,1,1,1,1,1,1,1,0,7,26,3.7,1,전라남도,신안군
전라남도교육청,전라남도신안교육지원청,증도초등학교,공립,1,1,1,1,1,1,0,0,6,29,4.8,1,전라남도,신안군
전라남도교육청,전라남도신안교육지원청,지도초등학교,공립,1,1,1,1,1,1,1,0,7,88,12.6,0,전라남도,신안군
전라남도교육청,전라남도신안교육지원청,팔금초등학교,공립,0,1,1,1,1,1,0,0,5,14,2.8,1,전라남도,신안군
전라남도교육청,전라남도신안교육지원청,하의초등학교,공립,1,1,1,1,1,1,0,0,6,29,4.8,1,전라남도,신안군
전라남도교육청,전라남도신안교육지원청,흑산초등학교,공립,1,1,0,1,1,1,1,0,6,17,2.8,1,전라남도,신안군
전라남도교육청,전라남도여수교육지원청,거문초등학교,공립,1,1,1,1,1,1,0,0,6,31,5.2,1,전라남도,여수시
전라남도교육청,전라남도여수교육지원청,경호초등학교,공립,1,1,1,1,1,1,1,0,7,42,6.0,1,전라남도,여수시
전라남도교육청,전라남도여수교육지원청,관기초등학교,공립,3,3,3,2,2,2,1,0,16,266,16.6,0,전라남도,여수시
전라남도교육청,전라남도여수교육지원청,나진초등학교,공립,1,1,1,1,1,1,1,0,7,44,6.3,1,전라남도,여수시
전라남도교육청,전라남도여수교육지원청,도원초등학교,공립,6,8,7,7,7,7,2,0,44,1020,23.2,0,전라남도,여수시
전라남도교육청,전라남도여수교육지원청,돌산초등학교,공립,1,1,1,1,0,1,1,0,6,22,3.7,1,전라남도,여수시
전라남도교육청,전라남도여수교육지원청,상암초등학교묘도분교장,공립,0,1,1,1,0,1,0,0,4,11,2.8,1,전라남도,여수시
전라남도교육청,전라남도여수교육지원청,무선초등학교,공립,2,2,3,2,2,3,1,0,15,285,19.0,0,전라남도,여수시
전라남도교육청,전라남도여수교육지원청,백초초등학교,공립,0,1,1,1,1,1,0,0,5,27,5.4,1,전라남도,여수시
전라남도교육청,전라남도여수교육지원청,봉덕초등학교,공립,0,1,1,1,1,1,0,0,5,12,2.4,1,전라남도,여수시
전라남도교육청,전라남도여수교육지원청,상암초등학교,공립,1,1,1,1,1,1,1,0,7,51,7.3,1,전라남도,여수시
전라남도교육청,전라남도여수교육지원청,소라초등학교,공립,1,1,1,1,1,1,1,0,7,68,9.7,0,전라남도,여수시
전라남도교육청,전라남도여수교육지원청,소호초등학교,공립,1,2,3,2,3,3,0,0,14,270,19.3,0,전라남도,여수시
전라남도교육청,전라남도여수교육지원청,시전초등학교,공립,1,2,2,1,2,2,1,0,11,190,17.3,0,전라남도,여수시
전라남도교육청,전라남도여수교육지원청,쌍봉초등학교,공립,2,2,2,2,2,2,1,0,13,245,18.8,0,전라남도,여수시
전라남도교육청,전라남도여수교육지원청,안일초등학교,공립,1,1,1,1,1,1,0,0,6,16,2.7,1,전라남도,여수시
전라남도교육청,전라남도여수교육지원청,여도초등학교,사립,4,4,4,4,4,4,0,0,24,598,24.9,0,전라남도,여수시
전라남도교육청,전라남도여수교육지원청,여수구봉초등학교,공립,1,1,1,1,2,1,2,0,9,136,15.1,0,전라남도,여수시
전라남도교육청,전라남도여수교육지원청,여수남산초등학교,공립,1,1,1,1,1,1,0,0,6,33,5.5,1,전라남도,여수시
전라남도교육청,전라남도여수교육지원청,여수남초등학교,공립,2,1,1,2,1,1,2,0,10,175,17.5,0,전라남도,여수시
전라남도교육청,전라남도여수교육지원청,여수동초등학교,공립,1,1,1,2,2,2,1,0,10,178,17.8,0,전라남도,여수시
전라남도교육청,전라남도여수교육지원청,여수문수초등학교,공립,3,3,3,3,2,2,2,0,18,344,19.1,0,전라남도,여수시
전라남도교육청,전라남도여수교육지원청,여수미평초등학교,공립,2,2,2,3,3,3,1,0,16,301,18.8,0,전라남도,여수시
전라남도교육청,전라남도여수교육지원청,여수봉산초등학교,공립,0,1,1,1,1,1,1,0,6,22,3.7,1,전라남도,여수시
전라남도교육청,전라남도여수교육지원청,여수부영초등학교,공립,2,3,3,3,3,4,1,0,19,391,20.6,0,전라남도,여수시
전라남도교육청,전라남도여수교육지원청,여수북초등학교,공립,1,1,1,1,1,1,1,0,7,39,5.6,1,전라남도,여수시
전라남도교육청,전라남도여수교육지원청,여수서초등학교,공립,1,1,1,1,1,1,1,0,7,127,18.1,0,전라남도,여수시
전라남도교육청,전라남도여수교육지원청,여수신월초등학교,공립,2,3,4,3,5,4,1,0,22,464,21.1,0,전라남도,여수시
전라남도교육청,전라남도여수교육지원청,여수양지초등학교,공립,2,3,3,3,3,2,2,0,18,336,18.7,0,전라남도,여수시
전라남도교육청,전라남도여수교육지원청,여수여문초등학교,공립,3,2,3,3,3,3,1,0,18,357,19.8,0,전라남도,여수시
전라남도교육청,전라남도여수교육지원청,여수종고초등학교,공립,3,4,4,4,3,3,2,0,23,512,22.3,0,전라남도,여수시
전라남도교육청,전라남도여수교육지원청,여수좌수영초등학교,공립,2,2,2,2,3,3,3,0,17,288,16.9,0,전라남도,여수시
전라남도교육청,전라남도여수교육지원청,여수중앙초등학교,공립,1,1,1,1,1,1,1,0,7,121,17.3,0,전라남도,여수시
전라남도교육청,전라남도여수교육지원청,여수진남초등학교,공립,1,1,1,1,1,1,2,0,8,78,9.8,0,전라남도,여수시
전라남도교육청,전라남도여수교육지원청,여수한려초등학교,공립,3,3,4,4,4,4,2,0,24,462,19.3,0,전라남도,여수시
전라남도교육청,전라남도여수교육지원청,여천초등학교,공립,2,3,4,3,4,3,1,0,20,444,22.2,0,전라남도,여수시
전라남도교육청,전라남도여수교육지원청,화양초등학교,공립,0,1,1,1,1,1,1,0,6,27,4.5,1,전라남도,여수시
전라남도교육청,전라남도여수교육지원청,화정초등학교,공립,0,1,0,1,0,1,0,0,3,10,3.3,1,전라남도,여수시
전라남도교육청,전라남도영광교육지원청,군남초등학교,공립,1,1,1,1,1,1,1,0,7,32,4.6,1,전라남도,영광군
전라남도교육청,전라남도영광교육지원청,군서초등학교,공립,1,1,1,1,1,1,1,0,7,33,4.7,1,전라남도,영광군
전라남도교육청,전라남도영광교육지원청,염산초등학교낙월분교장,공립,0,0,0,0,1,0,0,0,1,2,2.0,1,전라남도,영광군
전라남도교육청,전라남도영광교육지원청,대마초등학교,공립,1,1,1,1,1,1,1,0,7,31,4.4,1,전라남도,영광군
전라남도교육청,전라남도영광교육지원청,백수서초등학교,공립,1,0,0,1,1,1,0,0,4,12,3.0,1,전라남도,영광군
전라남도교육청,전라남도영광교육지원청,백수초등학교,공립,1,1,1,1,1,1,1,0,7,54,7.7,1,전라남도,영광군
전라남도교육청,전라남도영광교육지원청,법성포초등학교,공립,1,1,1,1,1,1,1,0,7,70,10.0,0,전라남도,영광군
전라남도교육청,전라남도영광교육지원청,불갑초등학교,공립,1,1,1,1,1,1,0,0,6,44,7.3,1,전라남도,영광군
전라남도교육청,전라남도영광교육지원청,염산초등학교,공립,1,1,1,1,1,1,1,0,7,43,6.1,1,전라남도,영광군
전라남도교육청,전라남도영광교육지원청,영광중앙초등학교,공립,4,5,4,3,4,3,1,0,24,464,19.3,0,전라남도,영광군
전라남도교육청,전라남도영광교육지원청,영광초등학교,공립,5,5,6,5,5,7,2,0,35,681,19.5,0,전라남도,영광군
전라남도교육청,전라남도영광교육지원청,홍농서초등학교,공립,0,1,1,1,1,1,0,0,5,21,4.2,1,전라남도,영광군
전라남도교육청,전라남도영광교육지원청,홍농초등학교,공립,3,3,2,2,2,2,1,0,15,252,16.8,0,전라남도,영광군
전라남도교육청,전라남도영암교육지원청,구림초등학교,공립,0,1,1,1,1,1,1,0,6,30,5.0,1,전라남도,영암군
전라남도교육청,전라남도영암교육지원청,금정초등학교,공립,0,1,1,1,1,1,0,0,5,19,3.8,1,전라남도,영암군
전라남도교육청,전라남도영암교육지원청,대불초등학교,공립,5,5,6,4,5,5,2,0,32,572,17.9,0,전라남도,영암군
전라남도교육청,전라남도영암교육지원청,덕진초등학교,공립,1,1,1,1,1,1,1,0,7,37,5.3,1,전라남도,영암군
전라남도교육청,전라남도영암교육지원청,도포초등학교,공립,1,1,1,1,1,1,1,0,7,24,3.4,1,전라남도,영암군
전라남도교육청,전라남도영암교육지원청,독천초등학교,공립,1,1,1,1,1,1,1,0,7,60,8.6,1,전라남도,영암군
전라남도교육청,전라남도영암교육지원청,미암초등학교,공립,0,1,1,0,1,1,1,0,5,11,2.2,1,전라남도,영암군
전라남도교육청,전라남도영암교육지원청,삼호서초등학교,공립,2,3,3,2,2,5,1,0,18,284,15.8,0,전라남도,영암군
전라남도교육청,전라남도영암교육지원청,삼호중앙초등학교,공립,3,4,3,3,4,3,1,0,21,403,19.2,0,전라남도,영암군
전라남도교육청,전라남도영암교육지원청,서창초등학교,공립,1,1,1,1,1,1,1,0,7,54,7.7,1,전라남도,영암군
전라남도교육청,전라남도영암교육지원청,시종초등학교,공립,1,1,1,1,1,1,1,0,7,40,5.7,1,전라남도,영암군
전라남도교육청,전라남도영암교육지원청,신북초등학교,공립,1,1,1,1,1,1,0,0,6,36,6.0,1,전라남도,영암군
전라남도교육청,전라남도영암교육지원청,영암초등학교,공립,3,4,4,3,3,4,1,0,22,397,18.0,0,전라남도,영암군
전라남도교육청,전라남도영암교육지원청,용당초등학교,공립,1,1,1,1,1,1,1,0,7,33,4.7,1,전라남도,영암군
전라남도교육청,전라남도영암교육지원청,장천초등학교,공립,1,0,1,1,1,1,0,0,5,25,5.0,1,전라남도,영암군
전라남도교육청,전라남도영암교육지원청,학산초등학교,공립,1,0,1,1,1,1,1,0,6,25,4.2,1,전라남도,영암군
전라남도교육청,전라남도완도교육지원청,고금초등학교,공립,1,1,1,1,2,1,1,0,8,104,13.0,0,전라남도,완도군
전라남도교육청,전라남도완도교육지원청,군외초등학교,공립,1,1,1,1,1,1,1,0,7,24,3.4,1,전라남도,완도군
전라남도교육청,전라남도완도교육지원청,금당초등학교,공립,1,1,1,1,0,1,1,0,6,26,4.3,1,전라남도,완도군
전라남도교육청,전라남도완도교육지원청,금일동초등학교,공립,1,1,1,1,1,1,0,0,6,40,6.7,1,전라남도,완도군
전라남도교육청,전라남도완도교육지원청,금일초등학교,공립,1,1,1,1,1,1,1,0,7,71,10.1,0,전라남도,완도군
전라남도교육청,전라남도완도교육지원청,넙도초등학교,공립,0,1,0,1,0,1,0,0,3,7,2.3,1,전라남도,완도군
전라남도교육청,전라남도완도교육지원청,노화북초등학교,공립,1,1,1,1,1,1,1,0,7,57,8.1,1,전라남도,완도군
전라남도교육청,전라남도완도교육지원청,노화중앙초등학교,공립,1,1,1,1,1,1,0,0,6,38,6.3,1,전라남도,완도군
전라남도교육청,전라남도완도교육지원청,노화초등학교,공립,1,1,1,1,1,1,0,0,6,91,15.2,0,전라남도,완도군
전라남도교육청,전라남도완도교육지원청,보길동초등학교,공립,1,1,1,1,1,1,1,0,7,68,9.7,0,전라남도,완도군
전라남도교육청,전라남도완도교육지원청,보길초등학교,공립,1,1,1,1,1,1,1,0,7,88,12.6,0,전라남도,완도군
전라남도교육청,전라남도완도교육지원청,생영초등학교,공립,1,1,1,1,1,1,1,0,7,23,3.3,1,전라남도,완도군
전라남도교육청,전라남도완도교육지원청,소안초등학교,공립,1,1,1,1,1,1,0,0,6,89,14.8,0,전라남도,완도군
전라남도교육청,전라남도완도교육지원청,신지동초등학교,공립,1,1,1,1,1,1,0,0,6,19,3.2,1,전라남도,완도군
전라남도교육청,전라남도완도교육지원청,신지초등학교,공립,1,1,1,1,1,1,0,0,6,36,6.0,1,전라남도,완도군
전라남도교육청,전라남도완도교육지원청,약산초등학교,공립,1,1,1,1,1,1,1,0,7,49,7.0,1,전라남도,완도군
전라남도교육청,전라남도완도교육지원청,완도중앙초등학교,공립,5,6,5,5,5,5,0,0,31,669,21.6,0,전라남도,완도군
전라남도교육청,전라남도완도교육지원청,완도초등학교,공립,2,2,2,2,2,2,2,0,14,197,14.1,0,전라남도,완도군
전라남도교육청,전라남도완도교육지원청,청산초등학교,공립,1,1,1,1,1,1,0,0,6,26,4.3,1,전라남도,완도군
전라남도교육청,전라남도완도교육지원청,청해초등학교,공립,1,1,1,1,1,1,1,0,7,53,7.6,1,전라남도,완도군
전라남도교육청,전라남도완도교육지원청,화흥초등학교,공립,1,1,1,1,1,1,1,0,7,38,5.4,1,전라남도,완도군
전라남도교육청,전라남도장성교육지원청,동화초등학교,공립,1,1,1,1,1,1,1,0,7,35,5.0,1,전라남도,장성군
전라남도교육청,전라남도장성교육지원청,북이초등학교,공립,1,1,1,1,1,1,1,0,7,35,5.0,1,전라남도,장성군
전라남도교육청,전라남도장성교육지원청,북일초등학교,공립,1,1,1,1,1,1,1,0,7,20,2.9,1,전라남도,장성군
전라남도교육청,전라남도장성교육지원청,분향초등학교,공립,1,1,1,1,1,1,1,0,7,69,9.9,0,전라남도,장성군
전라남도교육청,전라남도장성교육지원청,사창초등학교,공립,2,3,2,3,3,2,1,0,16,255,15.9,0,전라남도,장성군
전라남도교육청,전라남도장성교육지원청,삼서초등학교,공립,1,1,1,1,1,1,1,0,7,64,9.1,0,전라남도,장성군
전라남도교육청,전라남도장성교육지원청,서삼초등학교,공립,1,1,1,1,1,1,1,0,7,45,6.4,1,전라남도,장성군
전라남도교육청,전라남도장성교육지원청,약수초등학교,공립,1,1,1,1,1,1,0,0,6,31,5.2,1,전라남도,장성군
전라남도교육청,전라남도장성교육지원청,월평초등학교,공립,1,2,2,2,1,2,2,0,12,147,12.3,0,전라남도,장성군
전라남도교육청,전라남도장성교육지원청,장성성산초등학교,공립,1,1,1,1,1,1,2,0,8,81,10.1,0,전라남도,장성군
전라남도교육청,전라남도장성교육지원청,장성중앙초등학교,공립,3,4,4,4,4,4,1,0,24,485,20.2,0,전라남도,장성군
전라남도교육청,전라남도장성교육지원청,진원동초등학교,공립,1,1,1,1,1,1,1,0,7,55,7.9,1,전라남도,장성군
전라남도교육청,전라남도장성교육지원청,진원초등학교,공립,2,2,2,2,2,2,0,0,12,191,15.9,0,전라남도,장성군
전라남도교육청,전라남도장흥교육지원청,관산남초등학교,공립,1,1,1,1,0,1,1,0,6,23,3.8,1,전라남도,장흥군
전라남도교육청,전라남도장흥교육지원청,관산초등학교,공립,1,1,1,1,1,1,1,0,7,40,5.7,1,전라남도,장흥군
전라남도교육청,전라남도장흥교육지원청,대덕초등학교,공립,1,1,1,1,1,1,1,0,7,75,10.7,0,전라남도,장흥군
전라남도교육청,전라남도장흥교육지원청,명덕초등학교,공립,0,1,1,1,1,1,0,0,5,20,4.0,1,전라남도,장흥군
전라남도교육청,전라남도장흥교육지원청,부산초등학교,공립,1,1,1,1,1,1,1,0,7,22,3.1,1,전라남도,장흥군
전라남도교육청,전라남도장흥교육지원청,안양초등학교,공립,1,1,1,1,1,1,1,0,7,29,4.1,1,전라남도,장흥군
전라남도교육청,전라남도장흥교육지원청,용산초등학교,공립,0,1,1,1,1,1,0,0,5,25,5.0,1,전라남도,장흥군
전라남도교육청,전라남도장흥교육지원청,유치초등학교,공립,0,1,1,1,1,1,0,0,5,16,3.2,1,전라남도,장흥군
전라남도교육청,전라남도장흥교육지원청,장동초등학교,공립,0,1,1,1,1,1,0,0,5,14,2.8,1,전라남도,장흥군
전라남도교육청,전라남도장흥교육지원청,장평초등학교,공립,1,1,1,1,1,1,0,0,6,26,4.3,1,전라남도,장흥군
전라남도교육청,전라남도장흥교육지원청,장흥남초등학교,공립,1,1,1,1,1,1,0,0,6,56,9.3,1,전라남도,장흥군
전라남도교육청,전라남도장흥교육지원청,장흥서초등학교,공립,1,1,1,1,1,1,1,0,7,88,12.6,0,전라남도,장흥군
전라남도교육청,전라남도장흥교육지원청,장흥초등학교,공립,4,6,6,5,6,5,1,0,33,681,20.6,0,전라남도,장흥군
전라남도교육청,전라남도장흥교육지원청,회진초등학교,공립,1,1,1,1,1,1,0,0,6,37,6.2,1,전라남도,장흥군
전라남도교육청,전라남도진도교육지원청,고성초등학교,공립,1,1,1,1,1,1,2,0,8,54,6.8,1,전라남도,진도군
전라남도교육청,전라남도진도교육지원청,군내북초등학교,공립,1,1,1,1,1,1,1,0,7,30,4.3,1,전라남도,진도군
전라남도교육청,전라남도진도교육지원청,금성초등학교,공립,1,1,1,1,1,1,0,0,6,26,4.3,1,전라남도,진도군
전라남도교육청,전라남도진도교육지원청,석교초등학교,공립,1,1,1,1,1,1,1,0,7,52,7.4,1,전라남도,진도군
전라남도교육청,전라남도진도교육지원청,오산초등학교,공립,1,1,1,1,1,1,1,0,7,73,10.4,0,전라남도,진도군
전라남도교육청,전라남도진도교육지원청,의신초등학교,공립,1,1,1,1,1,1,1,0,7,36,5.1,1,전라남도,진도군
전라남도교육청,전라남도진도교육지원청,조도초등학교,공립,1,1,1,1,1,1,0,0,6,36,6.0,1,전라남도,진도군
전라남도교육청,전라남도진도교육지원청,지산초등학교,공립,1,1,1,1,1,1,0,0,6,52,8.7,1,전라남도,진도군
전라남도교육청,전라남도진도교육지원청,진도서초등학교,공립,1,1,1,1,1,1,1,0,7,25,3.6,1,전라남도,진도군
전라남도교육청,전라남도진도교육지원청,진도초등학교,공립,5,4,5,4,4,5,2,0,29,540,18.6,0,전라남도,진도군
전라남도교육청,전라남도함평교육지원청,기산초등학교,공립,1,1,1,1,0,1,1,0,6,25,4.2,1,전라남도,함평군
전라남도교육청,전라남도함평교육지원청,나산초등학교,공립,1,1,1,1,1,1,1,0,7,50,7.1,1,전라남도,함평군
전라남도교육청,전라남도함평교육지원청,손불서초등학교,공립,1,1,1,1,1,1,0,0,6,26,4.3,1,전라남도,함평군
전라남도교육청,전라남도함평교육지원청,손불초등학교,공립,1,1,1,1,1,1,0,0,6,37,6.2,1,전라남도,함평군
전라남도교육청,전라남도함평교육지원청,신광초등학교,공립,0,1,0,1,1,1,0,0,4,11,2.8,1,전라남도,함평군
전라남도교육청,전라남도함평교육지원청,엄다초등학교,공립,1,1,1,1,1,1,0,0,6,26,4.3,1,전라남도,함평군
전라남도교육청,전라남도함평교육지원청,월야초등학교,공립,1,1,1,1,1,1,0,0,6,62,10.3,0,전라남도,함평군
전라남도교육청,전라남도함평교육지원청,학다리중앙초등학교,공립,1,1,1,1,1,1,1,0,7,58,8.3,1,전라남도,함평군
전라남도교육청,전라남도함평교육지원청,함평초등학교,공립,3,3,2,3,3,3,3,0,20,332,16.6,0,전라남도,함평군
전라남도교육청,전라남도함평교육지원청,해보초등학교,공립,1,1,1,1,1,1,1,0,7,57,8.1,1,전라남도,함평군
전라남도교육청,전라남도함평교육지원청,대동향교초등학교,공립,1,0,1,1,1,1,1,0,6,43,7.2,1,전라남도,함평군
전라남도교육청,전라남도해남교육지원청,계곡초등학교,공립,1,1,1,1,1,1,1,0,7,26,3.7,1,전라남도,해남군
전라남도교육청,전라남도해남교육지원청,마산초등학교,공립,1,1,1,1,1,1,1,0,7,26,3.7,1,전라남도,해남군
전라남도교육청,전라남도해남교육지원청,북일초등학교,공립,1,1,1,1,1,1,0,0,6,50,8.3,1,전라남도,해남군
전라남도교육청,전라남도해남교육지원청,북평초등학교,공립,1,1,1,1,1,1,1,0,7,43,6.1,1,전라남도,해남군
전라남도교육청,전라남도해남교육지원청,산이서초등학교,공립,1,1,1,1,1,1,1,0,7,33,4.7,1,전라남도,해남군
전라남도교육청,전라남도해남교육지원청,산이초등학교,공립,1,1,1,1,1,1,1,0,7,33,4.7,1,전라남도,해남군
전라남도교육청,전라남도해남교육지원청,삼산초등학교,공립,1,1,1,1,1,1,1,0,7,28,4.0,1,전라남도,해남군
전라남도교육청,전라남도해남교육지원청,송지초등학교,공립,1,1,1,2,1,1,1,0,8,118,14.8,0,전라남도,해남군
전라남도교육청,전라남도해남교육지원청,송호초등학교,공립,0,1,1,1,1,1,0,0,5,14,2.8,1,전라남도,해남군
전라남도교육청,전라남도해남교육지원청,어란진초등학교,공립,1,0,0,1,0,1,0,0,3,12,4.0,1,전라남도,해남군
전라남도교육청,전라남도해남교육지원청,옥천초등학교,공립,1,1,1,1,1,1,2,0,8,53,6.6,1,전라남도,해남군
전라남도교육청,전라남도해남교육지원청,우수영초등학교,공립,1,1,1,1,1,1,1,0,7,79,11.3,0,전라남도,해남군
전라남도교육청,전라남도해남교육지원청,해남동초등학교,공립,8,8,9,8,7,8,2,0,50,1042,20.8,0,전라남도,해남군
전라남도교육청,전라남도해남교육지원청,해남서초등학교,공립,3,3,4,3,3,3,2,0,21,396,18.9,0,전라남도,해남군
전라남도교육청,전라남도해남교육지원청,현산초등학교현산남분교장,공립,1,0,0,0,0,1,1,0,3,5,1.7,1,전라남도,해남군
전라남도교육청,전라남도해남교육지원청,현산초등학교,공립,1,1,1,1,1,1,1,0,7,25,3.6,1,전라남도,해남군
전라남도교육청,전라남도해남교육지원청,화산초등학교,공립,1,1,1,1,1,1,1,0,7,36,5.1,1,전라남도,해남군
전라남도교육청,전라남도해남교육지원청,화원초등학교,공립,1,1,1,1,1,1,1,0,7,41,5.9,1,전라남도,해남군
전라남도교육청,전라남도해남교육지원청,황산초등학교,공립,1,1,1,1,1,1,0,0,6,65,10.8,0,전라남도,해남군
전라남도교육청,전라남도화순교육지원청,능주초등학교,공립,1,1,1,1,1,1,1,0,7,68,9.7,0,전라남도,화순군
전라남도교육청,전라남도화순교육지원청,도곡중앙초등학교,공립,1,1,1,1,1,1,1,0,7,37,5.3,1,전라남도,화순군
전라남도교육청,전라남도화순교육지원청,도곡초등학교,공립,1,1,1,1,1,1,0,0,6,50,8.3,1,전라남도,화순군
전라남도교육청,전라남도화순교육지원청,동면초등학교,공립,1,1,1,1,1,1,2,0,8,62,7.8,0,전라남도,화순군
전라남도교육청,전라남도화순교육지원청,동복초등학교,공립,1,1,1,1,1,1,0,0,6,16,2.7,1,전라남도,화순군
전라남도교육청,전라남도화순교육지원청,사평초등학교,공립,1,1,1,1,1,1,0,0,6,40,6.7,1,전라남도,화순군
전라남도교육청,전라남도화순교육지원청,아산초등학교,공립,1,1,1,1,0,1,0,0,5,21,4.2,1,전라남도,화순군
전라남도교육청,전라남도화순교육지원청,화순초등학교이서분교장,공립,0,1,1,1,1,1,1,0,6,21,3.5,1,전라남도,화순군
전라남도교육청,전라남도화순교육지원청,이양초등학교,공립,1,1,0,1,1,1,0,0,5,16,3.2,1,전라남도,화순군
전라남도교육청,전라남도화순교육지원청,천태초등학교,공립,1,1,1,1,1,1,0,0,6,38,6.3,1,전라남도,화순군
전라남도교육청,전라남도화순교육지원청,청풍초등학교,공립,1,1,1,1,0,1,0,0,5,15,3.0,1,전라남도,화순군
전라남도교육청,전라남도화순교육지원청,춘양초등학교,공립,1,1,1,1,1,1,1,0,7,58,8.3,1,전라남도,화순군
전라남도교육청,전라남도화순교육지원청,한천초등학교,공립,1,1,1,1,1,1,0,0,6,46,7.7,1,전라남도,화순군
전라남도교육청,전라남도화순교육지원청,화순만연초등학교,공립,2,2,3,3,3,4,1,0,18,330,18.3,0,전라남도,화순군
전라남도교육청,전라남도화순교육지원청,화순오성초등학교,공립,2,2,3,2,2,2,2,1,16,258,16.1,0,전라남도,화순군
전라남도교육청,전라남도화순교육지원청,화순제일초등학교,공립,3,3,3,2,3,3,1,0,18,330,18.3,0,전라남도,화순군
전라남도교육청,전라남도화순교육지원청,화순초등학교,공립,6,6,6,6,6,6,1,0,37,766,20.7,0,전라남도,화순군
전라남도교육청,전라남도진도교육지원청,의신초등학교접도분교장,공립,0,0,0,0,1,0,0,0,1,2,2.0,1,전라남도,진도군
전라남도교육청,전라남도진도교육지원청,의신초등학교모도분교장,공립,0,0,1,0,0,1,0,0,2,5,2.5,1,전라남도,진도군
전라남도교육청,전라남도무안교육지원청,일로초등학교청망분교장,공립,1,0,0,1,0,1,1,0,4,9,2.3,1,전라남도,무안군
전라남도교육청,전라남도순천교육지원청,송산초등학교,공립,1,1,1,1,1,1,1,0,7,91,13.0,0,전라남도,순천시
전라남도교육청,전라남도여수교육지원청,소라초등학교소라남분교장,공립,1,1,1,1,1,1,0,0,6,22,3.7,1,전라남도,여수시
전라남도교육청,전라남도여수교육지원청,안일초등학교백야분교장,공립,0,0,1,0,1,0,0,0,2,5,2.5,1,전라남도,여수시
전라남도교육청,전라남도여수교육지원청,돌산초등학교두라분교장,공립,0,0,0,1,0,0,0,0,1,2,2.0,1,전라남도,여수시
전라남도교육청,전라남도해남교육지원청,서정초등학교,공립,1,1,1,1,1,1,0,0,6,26,4.3,1,전라남도,해남군
전라남도교육청,전라남도고흥교육지원청,녹동초등학교시산분교장,공립,0,0,0,0,0,1,0,0,1,1,1.0,1,전라남도,고흥군
전라남도교육청,전라남도신안교육지원청,흑산초등학교흑산동분교장,공립,1,0,0,0,0,0,0,0,1,1,1.0,1,전라남도,신안군
전라남도교육청,전라남도진도교육지원청,조도초등학교거차분교장,공립,0,0,0,0,0,1,0,0,1,2,2.0,1,전라남도,진도군
전라남도교육청,전라남도진도교육지원청,진도서초등학교가사도분교장,공립,0,1,0,0,1,0,0,0,2,4,2.0,1,전라남도,진도군
전라남도교육청,전라남도영광교육지원청,묘량중앙초등학교,공립,1,1,1,1,1,1,2,0,8,61,7.6,0,전라남도,영광군
전라남도교육청,전라남도목포교육지원청,목포유달초등학교달리분교장,공립,0,0,0,0,1,0,0,0,1,1,1.0,1,전라남도,목포시
전라남도교육청,전라남도여수교육지원청,소라초등학교사곡분교장,공립,0,1,0,1,0,1,0,0,3,9,3.0,1,전라남도,여수시
전라남도교육청,전라남도고흥교육지원청,녹동초등학교소록도분교장,공립,1,0,0,1,0,1,0,0,3,8,2.7,1,전라남도,고흥군
전라남도교육청,전라남도순천교육지원청,황전초등학교회덕분교장,공립,0,0,0,0,0,1,0,0,1,4,4.0,1,전라남도,순천시
전라남도교육청,전라남도여수교육지원청,율촌초등학교,공립,1,1,1,2,1,2,0,0,8,117,14.6,0,전라남도,여수시
전라남도교육청,전라남도해남교육지원청,마산초등학교용전분교장,공립,0,0,1,0,1,1,1,0,4,7,1.8,1,전라남도,해남군
전라남도교육청,전라남도신안교육지원청,흑산초등학교홍도분교장,공립,0,1,0,1,1,0,0,0,3,6,2.0,1,전라남도,신안군
전라남도교육청,전라남도완도교육지원청,청산초등학교모도분교장,공립,0,0,0,1,0,0,0,0,1,2,2.0,1,전라남도,완도군
전라남도교육청,전라남도완도교육지원청,넙도초등학교서리분교장,공립,0,1,1,0,0,0,0,0,2,6,3.0,1,전라남도,완도군
전라남도교육청,전라남도여수교육지원청,신풍초등학교,공립,1,1,1,1,1,1,1,0,7,24,3.4,1,전라남도,여수시
전라남도교육청,전라남도여수교육지원청,여남초등학교,공립,1,1,1,1,1,1,1,0,7,28,4.0,1,전라남도,여수시
전라남도교육청,전라남도목포교육지원청,목포미항초등학교,공립,2,2,2,3,3,3,1,0,16,302,18.9,0,전라남도,목포시
전라남도교육청,전라남도목포교육지원청,목포서해초등학교,공립,3,3,3,3,2,3,1,0,18,400,22.2,0,전라남도,목포시
전라남도교육청,전라남도여수교육지원청,신기초등학교,공립,3,3,3,3,3,3,2,0,20,423,21.2,0,전라남도,여수시
전라남도교육청,전라남도광양교육지원청,광양용강초등학교,공립,3,4,4,4,4,5,1,0,25,496,19.8,0,전라남도,광양시
전라남도교육청,전라남도광양교육지원청,광양칠성초등학교,공립,4,5,5,4,5,4,0,0,27,584,21.6,0,전라남도,광양시
전라남도교육청,전라남도순천교육지원청,순천향림초등학교,공립,1,1,1,1,1,2,0,0,7,122,17.4,0,전라남도,순천시
전라남도교육청,전라남도여수교육지원청,안심초등학교,공립,3,3,3,4,4,4,2,0,23,452,19.7,0,전라남도,여수시
전라남도교육청,전라남도여수교육지원청,동백초등학교,공립,2,3,2,2,3,3,3,0,18,303,16.8,0,전라남도,여수시
전라남도교육청,전라남도목포교육지원청,목포용해초등학교,공립,3,3,5,4,5,5,2,0,27,577,21.4,0,전라남도,목포시
전라남도교육청,전라남도목포교육지원청,목포항도초등학교,공립,5,5,6,6,6,6,0,0,34,843,24.8,0,전라남도,목포시
전라남도교육청,전라남도목포교육지원청,목포석현초등학교,공립,6,7,7,8,7,8,2,0,45,1007,22.4,0,전라남도,목포시
전라남도교육청,전라남도광양교육지원청,광양백운초등학교,공립,4,5,5,5,5,5,3,0,32,640,20.0,0,전라남도,광양시
전라남도교육청,전라남도여수교육지원청,성산초등학교,공립,1,1,2,1,1,2,2,0,10,134,13.4,0,전라남도,여수시
전라남도교육청,전라남도목포교육지원청,목포애향초등학교,공립,3,3,4,4,4,4,1,0,23,503,21.9,0,전라남도,목포시
전라남도교육청,전라남도무안교육지원청,남악초등학교,공립,5,6,6,7,7,8,2,0,41,910,22.2,0,전라남도,무안군
전라남도교육청,전라남도순천교육지원청,순천풍덕초등학교,공립,1,2,2,2,3,2,1,0,13,248,19.1,0,전라남도,순천시
전라남도교육청,전라남도목포교육지원청,목포옥암초등학교,공립,3,4,4,5,5,6,3,0,30,637,21.2,0,전라남도,목포시
전라남도교육청,전라남도목포교육지원청,목포영산초등학교,공립,4,5,5,5,6,5,2,0,32,695,21.7,0,전라남도,목포시
전라남도교육청,전라남도무안교육지원청,오룡초등학교,공립,7,8,9,9,10,11,2,0,56,1302,23.3,0,전라남도,무안군
전라남도교육청,전라남도나주교육지원청,한아름초등학교,공립,5,5,5,4,5,6,2,0,32,648,20.3,0,전라남도,나주시
전라남도교육청,전라남도여수교육지원청,웅천초등학교,공립,6,7,8,7,8,7,0,0,43,1011,23.5,0,전라남도,여수시
전라남도교육청,전라남도여수교육지원청,죽림초등학교,공립,5,6,6,6,7,7,2,0,39,887,22.7,0,전라남도,여수시
전라남도교육청,전라남도순천교육지원청,순천왕운초등학교,공립,5,5,6,6,6,7,0,0,35,939,26.8,0,전라남도,순천시
전라남도교육청,전라남도나주교육지원청,빛가람초등학교,공립,5,6,6,7,6,8,0,0,38,882,23.2,0,전라남도,나주시
전라남도교육청,전라남도순천교육지원청,매안초등학교,공립,6,6,8,8,7,8,1,0,44,1053,23.9,0,전라남도,순천시
전라남도교육청,전라남도목포교육지원청,목포부주초등학교,공립,4,5,6,6,7,7,1,0,36,835,23.2,0,전라남도,목포시
전라남도교육청,전라남도목포교육지원청,목포백련초등학교,공립,6,8,7,8,8,7,2,0,46,1067,23.2,0,전라남도,목포시
전라남도교육청,전라남도여수교육지원청,여수송현초등학교,공립,7,6,7,6,5,6,2,0,39,949,24.3,0,전라남도,여수시
전라남도교육청,전라남도나주교육지원청,라온초등학교,공립,7,7,7,7,6,7,1,0,42,954,22.7,0,전라남도,나주시
전라남도교육청,전라남도순천교육지원청,좌야초등학교,공립,5,6,7,7,7,6,2,0,40,943,23.6,0,전라남도,순천시
전라남도교육청,전라남도순천교육지원청,신대초등학교,공립,12,12,11,12,10,11,0,0,68,1849,27.2,0,전라남도,순천시
전라남도교육청,전라남도나주교육지원청,빛누리초등학교,공립,10,9,12,9,9,10,2,0,61,1402,23.0,0,전라남도,나주시
전라남도교육청,전라남도무안교육지원청,무안행복초등학교,공립,11,12,12,12,9,9,1,0,66,1636,24.8,0,전라남도,무안군
전라남도교육청,전라남도광양교육지원청,광양와우초등학교,공립,3,3,2,2,2,2,0,0,14,303,21.6,0,전라남도,광양시
전라남도교육청,전라남도여수교육지원청,예울초등학교,공립,6,6,4,4,3,3,1,0,27,581,21.5,0,전라남도,여수시
