시도교육청코드,시도교육청명,행정구역명,학원교습소명,학원지정번호,학원명,개설일자,등록일자,등록상태명,휴원시작일자,휴원종료일자,정원합계,일시수용능력인원합계,분야명,교습계열명,교습과정목록명,교습과정명,인당수강료,수강료공개여부,기숙사학원여부,도로명주소,도로명상세주소,도로명우편번호,전화번호,수정일자
B10,서울특별시교육청,강남구,학원,3000038262,더알고리즘(The Rgorithm)학원,20210118,20210118,개원,        ,99991231,450,47,정보,정보,"정보교과,",정보교과, ,Y,N,서울특별시 강남구 압구정로 156,", 207호 (신사동, 카로시티2빌딩)",6030,02-514-3697,20231018
B10,서울특별시교육청,강남구,학원,3000043235,로그엔코딩학원,20230206,20230206,개원,        ,99991231,490,67,정보,정보,정보교과,정보교과, ,Y,N,서울특별시 강남구 언주로174길 17,", 3층 일부 북동측호 (신사동)",6017,02-540-1628,20241215
B10,서울특별시교육청,강동구,학원,3000051438,알콤학원,20241118,20241118,개원,        ,        ,49,49,정보,,,, ,Y, ,서울특별시 강동구 풍성로54길 56,3층 (성내동),5403,,20241215
B10,서울특별시교육청,강북구,교습소,3000050952,코리코딩교습소,20240816,20240816,개원,        ,        ,0,5,정보,,,, ,Y, ,서울특별시 강북구 솔샘로 167,벽산라이브파크 상가동 129-1호(미아동),1191,02-0000-0000,20240908
B10,서울특별시교육청,광진구,학원,3000051233,디랩코딩광진학원,20241011,20241011,개원,        ,        ,0,66,정보,정보,정보,정보, ,Y, ,서울특별시 광진구 광나루로54길 32,4층(구의동),5117,02-0000-0000,20241215
B10,서울특별시교육청,광진구,학원,3000034359,스타랩코딩학원,20190501,20221228,개원,        ,99991231,705,47,정보,정보,,정보교과, ,Y,N,서울특별시 광진구 광나루로 602,", 2층 201호 (구의동) (구의동, 대한빌딩)",5034,02-444-1854,20240128
B10,서울특별시교육청,광진구,교습소,3000042754,코딩하루교습소,20221201,20221201,개원,        ,99991231,42,6,정보,정보,Level6,정보교과,"Level6:160000, 심화:300000, 특강1:50000, 특강2:100000, 특강3:200000, 사고력기초:80000, Level1:100000, Level2:120000, Level3:140000, Level4:140000, Level5:160000",Y,N,서울특별시 광진구 천호대로111길 35,", 1층 (중곡동)",4928,02-0000-0000,20241215
B10,서울특별시교육청,구로구,교습소,3000040597,플레이코딩랩코딩교습소,20220105,20220105,개원,        ,99991231,30,5,정보,정보,,정보교과,"컴퓨터기초(일50분*주1회*4주):60000, 문서(일50분*주1회*4주):60000, 자격증1(DIAT)(일50분*주1회*4주):80000, 자격증2(ITQ)(일50분*주1회*4주):100000, 블럭코딩(일50분*주1회*4주):60000, 블럭코딩(일80분*주1회*4주):80000, 피지컬코딩(일80분*주1회*4주):80000, 로봇코딩(일80분*주1회*4주):80000, 메이커코딩(일80분*주1회*4주):80000, 텍스트코딩(일50분*주1회*4주):100000, 블럭코딩(일65분*주2회*4.2주):100000, 피지컬코딩(일80분*주2회*4.2주):120000, 텍스트코딩(일80분*주2회*4.2주):120000, 메이커코딩(일65분*주2회*4.2주):100000, 로봇코딩(일65분*주2회*4.2주):100000, 자격증코딩(일80분*주2회*4.2주):120000",Y,N,서울특별시 구로구 오리로 1197,", 상가동 208호 (오류동, 금강수목원아파트)",8358,02-6953-6242,20231018
B10,서울특별시교육청,노원구,교습소,3000049035,라온창의코딩교습소,20240320,20240320,개원,        ,        ,0,7,정보,,,, ,Y, ,서울특별시 노원구 동일로 1530,", 3층 302호 일부 (상계동, 다모아빌딩)",1674,,20240908
B10,서울특별시교육청,노원구,교습소,3000049002,제이와이(JY)컴퓨터교습소,20240315,20240315,개원,        ,        ,0,5,정보,정보,코딩단과반 (초등),정보,"코딩단과반 (초등):100000, 프로젝트반 (초등):100000, SW자격반 (초중고등):130000, OA자격반 (초중고등):130000, 중등반:100000, 대회준비반 (초중고등):260000",Y, ,서울특별시 노원구 한글비석로 396,", 108동 복합상가 2층 22호 (상계동,벽산아파트)",1663,,20240428
B10,서울특별시교육청,노원구,교습소,3000037447,컴벤져스컴퓨터교습소,20200904,20200904,개원,        ,99991231,70,7,정보,정보,초등A,정보교과,"초등A:90000, 초등B:180000, 초등C:270000, 중등A:100000, 중등B:200000, 중등C:300000, 고등A:125000, 고등B:250000, 고등C:375000",Y,N,서울특별시 노원구 한글비석로 242,", 204호 (중계동, 삼부프라자)",1734,00-000-0000,20231119
B10,서울특별시교육청,마포구,학원,3000050263,굿코딩컴퓨터학원,20240422,20240422,개원,        ,        ,147,49,정보,,,, ,Y,N,서울특별시 마포구 월드컵북로 220,", 4층 403호(성산동)",3941,,20241006
B10,서울특별시교육청,마포구,교습소,3000043569,스마일디자인코딩교습소,20230315,20230315,개원,        ,99991231,18,6,정보,정보,,정보교과, ,Y,N,서울특별시 마포구 숭문길 106,", 상가동 206호 (염리동, 상록아파트)",4127,02-000-0000,20231018
B10,서울특별시교육청,마포구,학원,3000046179,스팀플러스로보틱스코딩학원,20230804,20230804,개원,        ,        ,232,58,정보,,,, ,Y, ,서울특별시 마포구 백범로10길 26,", 4층(신수동)",4110,,20231018
B10,서울특별시교육청,서초구,학원,3000041710,잼코딩서초학원,20220623,20220623,개원,        ,99991231,80,47,정보,정보,"정보교과,",정보교과, ,Y,N,서울특별시 서초구 서초중앙로 40-6,", 3층,4층 (서초동, 우림빌딩)",6643,02-6953-0563,20231018
B10,서울특별시교육청,성동구,학원,3000043319,AIT코딩학원,20230221,20230221,개원,        ,99991231,154,53,정보,정보,,정보교과, ,Y,N,서울특별시 성동구 성수일로 20,", 동일빌딩 3층 (성수동1가)",4780,02-0000-0000,20231018
B10,서울특별시교육청,성동구,교습소,3000050986,무궁화정보교습소,20240821,20240821,개원,        ,        ,0,4,정보,,,, ,Y, ,서울특별시 성동구 왕십리로 287,5층 일부 (행당동),4744,02-0000-0000,20240908
B10,서울특별시교육청,양천구,교습소,3000051257,매쓰코딩정보교습소,20241017,20241017,개원,        ,        ,0,0,정보,정보,초등정보,정보,"초등정보:190000, 중등정보:206000, 고등정보:228000",Y, ,서울특별시 양천구 목동동로 177,", 207호(신정동,삼성쉐르빌2)",8011,,20241215
B10,서울특별시교육청,양천구,교습소,3000042148,와이코딩정보교습소,20220825,20220825,개원,        ,99991231,10,2,정보,정보,코딩3(고등),정보,"코딩3(고등):350000,  집중코딩1(초중고):400000, 코딩1(초중고):250000,  코딩2(중고) :300000, 집중코딩2(중고):450000, 집중코딩3(고등):500000",Y,N,서울특별시 양천구 목동서로 57,", 302호 (목동, 현대파리지앙)",7983,,20231206
B10,서울특별시교육청,용산구,학원,3000038322,로그엔코딩원격학원,20210122,20210122,개원,        ,99991231,1015,0,정보,정보,정보교과,정보교과, ,Y,N,서울특별시 용산구 한강대로 109,", 지하2층 206호 (한강로2가, 용성비즈텔)",4376,02-792-9332,20231217
B10,서울특별시교육청,은평구,교습소,3000039147,이지코딩컴퓨터교습소,20210604,20210604,개원,        ,99991231,9,3,정보,정보,,정보교과, ,Y,N,서울특별시 은평구 응암로22길 37,", 3층 (응암동)",3466,070-4337-3758,20231018
B10,서울특별시교육청,은평구,학원,2778,코딩그라운드학원,20030723,20030723,개원,        ,99991231,70,47,정보,정보,"정보교과,",정보교과, ,Y,N,서울특별시 은평구 통일로83길 21,", 2층 (갈현동,연희보습학원)",122811,02-353-5938,20231018
B10,서울특별시교육청,은평구,학원,3000031275,코딩하는아이들학원,20180226,20180226,개원,        ,99991231,120,56,정보,정보,"정보교과,",정보교과, ,Y,N,서울특별시 은평구 은평로 200,", 2층 (응암동)",3471,02-383-5505,20231018
B10,서울특별시교육청,종로구,학원,3000036809,온코스원격학원,20200408,20200408,개원,        ,99991231,0,0,정보,정보,"정보교과,",정보교과, ,Y,N,서울특별시 종로구 돈화문로 26,", 5층 (묘동, 단성사)",3138,02-766-8747,20240908
B10,서울특별시교육청,종로구,학원,3000050209,코리코딩원격학원,20240412,20240412,개원,        ,        ,50,999,정보,,,, ,Y,N,서울특별시 종로구 진흥로 490,", 1층 102A호 (신영동)",3014,02-6402-0201,20241215
B10,서울특별시교육청,중랑구,학원,3000037787,똑똑코딩학원,20201102,20201102,개원,        ,99991231,160,20,정보,정보,,정보교과, ,Y,N,서울특별시 중랑구 면목로57길 35,", 3층 (면목동, 보령빌딩)",2220,02-494-6235,20231018
C10,부산광역시교육청,강서구,학원,3000034575,코드스튜디오로봇코딩학원,20240404,20240404,개원,        ,        ,0,0,정보,,,, ,Y, ,부산광역시 강서구 명지국제9로 38,(명지동) 403호,46773,,20240407
C10,부산광역시교육청,서구,교습소,3000022037,나로코딩컴퓨터교습소,20230621,20230621,개원,        ,        ,0,0,정보,,초급컴퓨터,,"초급컴퓨터:160000, 중급컴퓨터1:12000, 중급컴퓨터2:240000, 고급컴퓨터1:140000, 고급컴퓨터2:280000",Y,N,부산광역시 서구 부용로32번길 27-12,2층,49233,,20231018
D10,대구광역시교육청,달성군,학원,3000037430,정석코딩학원,20241113,20241113,개원,        ,        ,0,40,정보,,,, ,Y, ,대구광역시 달성군 유가읍 테크노상업로 96,501호,43018,,20241117
E10,인천광역시교육청,계양구,교습소,3000023105,교습소등록(테스트용),20240327,20240327,개원,        ,        ,0,0,정보,,,, ,Y, ,인천광역시 계양구 용종로 8,테스트용 (계산동),21071,,20240811
E10,인천광역시교육청,계양구,학원,3000022788,화전코딩학원,20170216,20170216,개원,        ,99991231,78,39,정보,정보,"정보교과,",정보교과, ,Y,N,인천광역시 계양구 봉오대로744번길 12,", 203호 (작전동)",21117,null,20240310
E10,인천광역시교육청,부평구,학원,3000016426,코딩사이언스백운학원,20210324,20210324,개원,        ,99991231,532,38,정보,정보,"정보교과,",정보교과, ,Y,N,인천광역시 부평구 마장로 88,", 4층 (산곡동)",21405,032-522-0101,20240623
E10,인천광역시교육청,서구,학원,3000016601,뉴메이킹코딩학원,20210713,20210713,개원,        ,99991231,180,60,정보,정보,,정보교과, ,Y,N,인천광역시 서구 염곡로 468,", 605호, 606호 (가정동, 드림타워)",22883,,20231018
E10,인천광역시교육청,서구,교습소,3000022492,더나은컴퓨터교습소,20240124,20240124,개원,        ,        ,0,9,정보,,,, ,Y, ,인천광역시 서구 장고개로337번길 18-3,"205호(가좌동, 영프라자)",22815,,20240128
F10,광주광역시교육청,광산구,학원,3000015708,AI(에이아이)랩코딩학원,20230703,20230703,개원,        ,        ,60,0,정보,정보,정보교과,정보교과, ,Y,N,광주광역시 광산구 임방울대로 338,", 802호 (수완동)",62306,,20241222
F10,광주광역시교육청,북구,학원,3000015728,AI(에이아이)랩코딩학원,20230725,20230725,개원,        ,        ,90,30,정보,기타(중),,컴퓨터(소), ,Y,N,광주광역시 북구 설죽로 517,304호(일곡동),61040,062-5727-7799,20241222
H10,울산광역시교육청,남구,학원,1000001068,경남컴퓨터학원,19871121,19871121,개원,        ,99991231,460,109,정보,정보,,정보교과, ,Y,N,울산광역시 남구 수암로 15-9,", 4층 (신정동)",44730,052-265-3832,20231018
H10,울산광역시교육청,남구,학원,3000014324,코딩앤플레이학원,20230331,20230331,개원,        ,99991231,84,12,정보,,"정보교과,",, ,Y,N,울산광역시 남구 중앙로 23,", 2층 (야음동)",44746,,20231018
H10,울산광역시교육청,남구,학원,3000016574,플레이스팀로봇코딩학원,20240312,20240312,개원,        ,        ,120,23,정보,정보,정보교과,정보교과, ,Y, ,울산광역시 남구 야음로 37,(야음동)6층일부,44750,,20241201
H10,울산광역시교육청,북구,학원,3000013676,중산컴퓨터학원,20210408,20210412,개원,        ,99991231,252,42,정보,정보,,정보교과, ,Y,N,울산광역시 북구 신기4길 41,", 3층 (중산동, 지니어스)",44215,052-282-1255,20231018
I10,세종특별자치시교육청,세종특별자치시,학원,3000012553,모든컴퓨터학원,20221229,20221229,개원,        ,99991231,135,27,정보,정보,,정보교과, ,Y,N,세종특별자치시  한누리대로 2012,", 408호~409호 (소담동, 코끼리타워)",30151,,20231018
I10,세종특별자치시교육청,세종특별자치시,학원,3000012146,세종컴퓨터정보학원,20210628,20210628,개원,        ,99991231,140,35,정보,정보,"정보교과,",정보교과, ,Y,N,세종특별자치시 보듬3로 100,해피라움1 706호 (아름동),30100,,20240609
I10,세종특별자치시교육청,세종특별자치시,학원,3000011510,스카이스팀에이아이코딩학원,20180405,20180405,개원,        ,99991231,126,18,정보,정보,정보,정보, ,Y,N,세종특별자치시  고운서길 7,", 골드프라자 405호 (고운동, 골드프라자)",30063,,20240609
I10,세종특별자치시교육청,세종특별자치시,학원,3000012651,위트랩정보학원,20230419,20230419,개원,        ,99991231,270,30,정보,정보,,정보교과, ,Y,N,세종특별자치시  새롬중앙로 33,", 510호 (새롬동, 새뜸프라자)",30126,010-9008-9052,20231018
I10,세종특별자치시교육청,세종특별자치시,학원,3000012517,코딩랩로봇학원,20221130,20221130,개원,        ,99991231,96,24,정보,정보,,정보교과, ,Y,N,세종특별자치시  보듬3로 143,", 303호 (아름동, 대영프라자)",30100,,20231018
J10,경기도교육청,고양시,교습소,3000042424,꾸다코딩교습소,20191121,20191121,개원,        ,99991231,54,9,정보,정보,기초A,정보교과,"기초A:68000, 기초B:130000, 프로그래밍A:120000, 프로그래밍B:150000, 프로그래밍C:180000, 프로그래밍D:200000",Y,N,경기도 고양시 덕양구 화신로 319,", 5층 일부 (화정동, 문정교육센타)",10501,,20231018
J10,경기도교육청,고양시,학원,3000043183,두잉창의코딩학원,20200116,20200115,개원,        ,99991231,56,42,정보,정보,"정보교과,",정보교과, ,Y,N,경기도 고양시 덕양구 화중로 32-21,", 4층일부(402호) (화정동, 테마파크)",10503,,20231018
J10,경기도교육청,고양시,교습소,3000068598,링크(Link)코딩교습소,20240415,20240415,개원,        ,        ,0,4,정보,,,, ,Y, ,경기도 고양시 일산서구 가좌3로 47,"203호 (가좌동, 선진상가)",10209,,20240630
J10,경기도교육청,고양시,학원,3000063648,미래아이코딩학원,20231206,20231206,개원,        ,        ,43,43,정보,,,, ,Y, ,경기도 고양시 일산서구 대산로 128,302호(주엽동),10375,010-3867-8242,20231217
J10,경기도교육청,고양시,학원,26480,에디코딩학원,20070406,20070406,개원,        ,99991231,120,67,정보,보통교과,,보습, ,Y,N,경기도 고양시 일산서구 일산로 547,", 401호,402호 (일산동, 일신1조합상가)",10375,031-923-8864,20241201
J10,경기도교육청,고양시,학원,3000072302,에이스코딩학원,20241030,20241030,개원,        ,        ,0,0,정보,정보,정보교과,정보교과, ,Y, ,경기도 고양시 덕양구 향기로 148,101호(향동동),10546,010-2469-5531,20241201
J10,경기도교육청,고양시,교습소,3000038847,오늘부터코딩정보교습소,20181206,20181206,개원,        ,99991231,32,8,정보,정보,IT융합,정보교과,"IT융합:55000, IT융합:110000, IT융합:160000, IT융합:200000",Y,N,경기도 고양시 일산동구 위시티4로 46,", 206호일부 (식사동, 위시티일산자이2단지아파트)",10322,null,20240310
J10,경기도교육청,고양시,교습소,3000054805,코딩하루코딩교습소,20230329,20230329,개원,        ,99991231,42,7,정보,정보,코딩기초,정보교과,"코딩기초:150000, 코딩초급:170000, 코딩고급:200000, 코딩심화:280000, 일일특강:40000",Y,N,경기도 고양시 일산서구 후곡로 12,", 202호(일산동, 후곡마을 상가동)",10375,,20241201
J10,경기도교육청,과천시,학원,3000067867,과천디랩코딩학원,20240214,20240214,개원,        ,        ,0,64,정보,정보,정보,정보, ,Y,N,경기도 과천시 별양로 28,"(원문동) 4003-4, 4003-5, 4003-6",13835,02-6925-3757,20240331
J10,경기도교육청,과천시,교습소,3000064105,온리컴컴퓨터교습소,20240109,20240109,개원,        ,        ,0,8,정보,정보,초급 A,정보,"초급 A:120000, 초급 B:170000, 중급 A:170000, 중급 B:240000, 고급:170000, 자격증:170000, 그래픽:240000, 특강:320000",Y,N,경기도 과천시 별양로 28,(원문동) 4076호,13835,010-3421-2248,20240324
J10,경기도교육청,광명시,학원,3000048952,이룸IT컴퓨터학원,20211130,20211130,개원,        ,99991231,192,71,정보,정보,"정보교과,",정보교과, ,Y,N,경기도 광명시 범안로 1035,", 301호 (하안동, 송화빌딩)",14248,010-9756-4750,20231018
J10,경기도교육청,광주시,학원,3000050524,윤성진실전코딩학원,20220324,20220324,개원,        ,99991231,0,40,정보,정보,"정보,정보교과",정보, ,Y,N,경기도 광주시 태전중앙1길 5,", 태전퍼스트센트힐 1동 604호, 605호",12788,,20240505
J10,경기도교육청,광주시,학원,3000052776,홍익디자인코딩학원,20221025,20221025,개원,        ,99991231,162,44,정보,정보,,정보교과, ,Y,N,경기도 광주시 양벌로 169,", 1층 일부 (양벌동, 위드빌딩)",12793,031-797-7977,20240324
J10,경기도교육청,김포시,교습소,3000046541,에듀컴퓨터교습소,20210325,20210325,개원,        ,99991231,14,54,정보,정보,,정보교과, ,Y,N,경기도 김포시 김포한강2로 262,", 2층 (장기동, 훼밀리 플라자)",10082,,20231018
J10,경기도교육청,김포시,학원,3000032964,에이치랩에듀케이션학원,20170515,20170515,개원,        ,99991231,114,0,정보,정보,,정보교과, ,Y,N,경기도 김포시 김포한강2로 80,", 302호 (장기동)",10088,,20231018
J10,경기도교육청,남양주시,교습소,3000072204,다산아이티(IT)컴퓨터교습소,20241023,20241023,개원,        ,        ,0,0,정보,,,, ,Y, ,경기도 남양주시 다산중앙로 117,805호(다산동),12248,,20241103
J10,경기도교육청,남양주시,교습소,3000051475,아이리더스쿨코딩교습소,20220622,20220622,개원,        ,99991231,4,4,정보,정보,초등코딩,정보교과,초등코딩:75000,Y,N,경기도 남양주시 별내3로 26,", 205호 (별내동, 우미린아파트)",12110,,20231018
J10,경기도교육청,남양주시,교습소,3000062771,온디자인컴퓨터교습소,20231127,20231127,개원,        ,        ,0,9,정보,정보,"기초,컴퓨터활용/OA자격증",정보,"기초,컴퓨터활용/OA자격증:200000, 그래픽자격증/영상편집:220000, 기초,컴퓨터활용/OA자격증(2):150000, 그래픽자격증/영상편집(2):170000, 기초,컴퓨터활용/OA자격증(3):100000, 그래픽자격증/영상편집(3):120000, 디지털드로잉:24000",Y, ,경기도 남양주시 별내3로 326,(별내동) 504호,12097,,20231217
J10,경기도교육청,남양주시,교습소,3000051479,이펀컴퓨터교습소,20220623,20220623,개원,        ,99991231,54,6,정보,정보,컴퓨터실습,정보교과,"컴퓨터실습:100000, 단과과정:120000, 통합과정:200000, 자격증기초반:150000, 자격증집중반:250000",Y,N,경기도 남양주시 백봉로 32,", B-1, 304호 일부 (호평동, 두산 알프하임)",12155,,20231022
J10,경기도교육청,남양주시,교습소,3000018500,탑코더코딩교습소,20130514,20130514,개원,        ,99991231,14,0,정보,정보,,정보교과, ,Y,N,경기도 남양주시 화도읍 비룡로 107,", 4층 일부 (화도읍)",12166,,20231018
J10,경기도교육청,부천시,학원,3000054335,부천컴퓨터학원,20230222,20230222,개원,        ,99991231,300,42,정보,정보,,정보교과, ,Y,N,경기도 부천시 신흥로 223,", 518호 (중동, 신중동역 랜드마크 푸르지오 시티)",14539,,20231018
J10,경기도교육청,부천시,교습소,3000054766,아이메이크코딩교습소,20230328,20230327,개원,        ,99991231,81,9,정보,정보,,정보교과, ,Y,N,경기도 부천시 옥길로 124,", 412호 (옥길동, 문영 퀸즈파크 C)",14786,,20231018
J10,경기도교육청,수원시,교습소,3000053817,MVP코딩교습소,20230113,20230113,개원,        ,99991231,12,7,정보,정보,,정보교과, ,Y,N,경기도 수원시 권선구 일월천로16번길 39,", 205-2호 (구운동, 코오롱하늘채아파트 상가동)",16413,,20231018
J10,경기도교육청,수원시,교습소,70281,삼성컴퓨터,19980811,19980811,개원,19980811,99991231,42,7,정보,정보,"정보기술자격, 워드, 파워포인트, 엑셀 등(초등부)",정보교과,"정보기술자격, 워드, 파워포인트, 엑셀 등(초등부):140000, 정보기술자격, 워드, 파워포인트, 엑셀 등(중고등부):150000, 국가기술자격기능사, 워드, 컴활능력 및 코등(초중고):160000, 사무자동화-OA(대학부 및 성인):170000, 국가기술자격(대학부 및 성인):180000, 컴활능력1급, MOS, 산업기사, 기사:220000",Y,N,경기도 수원시 권선구 권중로 158, 벽산아파트 상가 411동 202호 (권선동),441741,031-232-9398,20241215
J10,경기도교육청,수원시,교습소,3000046840,이창현코딩교습소,20210429,20210429,개원,        ,99991231,18,6,정보,정보,,정보교과, ,Y,N,경기도 수원시 영통구 산남로 99,", 1층 일부 (매탄동)",16525,,20231018
J10,경기도교육청,수원시,학원,3000053584,인텔AI마이티인공지능전문학원,20221227,20221227,개원,        ,99991231,150,50,정보,정보,정보교과,정보교과, ,Y,N,경기도 수원시 영통구 에듀타운로 84,", 304호 (이의동, 세븐스퀘어)",16509,null,20240407
J10,경기도교육청,수원시,교습소,3000053008,코딩하루수원매교센터코딩교습소,20221109,20221109,개원,        ,99991231,60,9,정보,정보,,정보교과, ,Y,N,경기도 수원시 권선구 효원로 90,", 201호 (세류동)",16459,,20231018
J10,경기도교육청,수원시,교습소,3000044162,코딩하루코딩교습소,20200508,20200508,개원,        ,99991231,5,5,정보,정보,,정보교과, ,Y,N,경기도 수원시 권선구 동수원로177번길 40,", 220호 (권선동, 수원아이파크시티8단지 상가동)",16663,,20231018
J10,경기도교육청,수원시,학원,3000043305,헬로코딩학원,20200131,20200131,개원,        ,99991231,170,60,정보,정보,"정보교과,",정보교과, ,Y,N,경기도 수원시 장안구 하률로12번길 86,", 3층 301호 (천천동, 골든프라자)",16324,,20231018
J10,경기도교육청,시흥시,학원,3000051822,MJ창의영재코딩학원,20220725,20220725,개원,        ,99991231,40,51,정보,정보,"정보교과,",정보교과, ,Y,N,경기도 시흥시 은계번영길 5,", 305호, 306호 (은행동, 은계푸리마타워)",14922,031-312-8661,20231018
J10,경기도교육청,시흥시,학원,3000049562,은계에듀컴퓨터교육학원,20220110,20220110,개원,        ,99991231,180,42,정보,정보,,정보교과, ,Y,N,경기도 시흥시 은계남로 12,", 상가동 219호 (은행동, 시흥은계 호반 써밋플레이스)",14922,031-434-1456,20231018
J10,경기도교육청,시흥시,학원,3000054088,장현컴퓨터앤코딩학원,20230207,20230207,개원,        ,99991231,82,45,정보,정보,,정보교과, ,Y,N,경기도 시흥시 장현능곡로 15,", 305호 (장곡동, 승호프라자)",14996,031-313-9141,20231018
J10,경기도교육청,시흥시,교습소,3000054634,코딩하루배곧컴퓨터교습소,20230315,20230315,개원,        ,99991231,38,9,정보,정보,,정보교과, ,Y,N,경기도 시흥시 배곧4로 83,", 504호 (배곧동, 아이프라자)",15010,,20231018
J10,경기도교육청,안양시,학원,32167,배움컴퓨터학원,19951124,19951124,개원,        ,99991231,50,49,정보,정보,"정보교과,",정보교과, ,Y,N,경기도 안양시 만안구 안양로257번길 19,", 2층전체 (안양동)",430830,031-465-7400,20231018
J10,경기도교육청,양평군,교습소,3000054216,너나코 코딩교습소,20230130,20230130,개원,        ,99991231,4,4,정보,정보,,정보교과, ,Y,N,경기도 양평군 양평읍 흥청길 20,", 103호 (양평읍)",12558,,20231018
J10,경기도교육청,양평군,학원,3000053689,아이오로봇 코딩학원,20221216,20221216,개원,        ,99991231,60,60,정보,정보,"정보교과,",정보교과, ,Y,N,경기도 양평군 양서면 목왕로 8,", 2층 202호 (양서면)",12584,,20231018
J10,경기도교육청,오산시,학원,3000047495,알파코딩오산대역학원,20210708,20210707,개원,        ,99991231,40,24,정보,정보,"정보교과,",정보교과, ,Y,N,경기도 오산시 오산대역로 214,", 604호 (수청동, G플레이스 오산)",18114,,20231018
J10,경기도교육청,오산시,학원,3000048812,에이다컴퓨터코딩학원,20211117,20211117,개원,        ,99991231,156,24,정보,정보,"정보교과,",정보교과, ,Y,N,경기도 오산시 내삼미로 83,", 303호 (수청동, 센타프라자)",18114,,20231018
J10,경기도교육청,오산시,학원,3000047487,코딩스타학원,20210705,20210705,개원,        ,99991231,64,30,정보,정보,정보교과,정보교과, ,Y,N,경기도 오산시 문헌공로 3,", 504호 (금암동, 인피니트타워)",18108,null,20240128
J10,경기도교육청,오산시,학원,3000057824,코딩하루학원,20230720,20230720,개원,        ,        ,0,20,정보,,,, ,Y,N,경기도 오산시 운암로 113,205호(오산동),18134,,20231018
J10,경기도교육청,용인시,학원,3000055625,선생님은너무해블럭코딩학원,20230615,20230629,개원,        ,        ,0,20,정보,,"정보,",, ,Y,N,경기도 용인시 처인구 포곡읍 포곡로 80, ,17027,010-5157-2147,20231018
J10,경기도교육청,용인시,교습소,3000071691,아일코딩컴퓨터교습소,20240822,20240822,개원,        ,        ,0,7,정보,,,, ,Y, ,경기도 용인시 기흥구 구성로39번길 11,"구성우림아파트상가동 102호, 103호(마북동)",16917,,20240929
J10,경기도교육청,용인시,교습소,3000062538,코드온컴퓨터교습소,20231107,20231107,개원,        ,        ,0,0,정보,,,, ,Y, ,경기도 용인시 기흥구 서천로127번길 11-4,705호(서천동),17108,,20231112
J10,경기도교육청,용인시,학원,3000044550,코딩가학원,20200706,20200706,개원,        ,99991231,24,24,정보,,"정보,정보교과,",, ,Y,N,경기도 용인시 수지구 손곡로 115,", 3층 (동천동)",16822,,20231018
J10,경기도교육청,용인시,학원,3000055052,코딩나우코딩전문학원,20230424,20230424,개원,        ,99991231,80,10,정보,정보,정보교과,정보교과, ,Y,N,경기도 용인시 기흥구 동백5로 22,", 가동 243호 (중동, 동백문월드)",17006,010-9323-9642,20231018
J10,경기도교육청,용인시,학원,3000059595,코딩앤플레이용인동백점학원,20230621,20230728,개원,        ,        ,0,10,정보,,,, ,Y,N,경기도 용인시 기흥구 동백7로 73,(동백동) 502호 일부,17003,,20231126
J10,경기도교육청,용인시,학원,3000069135,포투원영재코딩학원,20240612,20240612,개원,        ,        ,0,20,정보,,,, ,Y, ,경기도 용인시 수지구 성복1로 35,"근린생활시설 208, 209호(성복동,성복역 롯데캐슬 클라시엘)",16856,,20240616
J10,경기도교육청,의정부시,학원,41889,유진컴퓨터프로그래밍,20100721,20100721,개원,        ,99991231,32,30,정보,정보,"정보교과,",정보교과, ,Y,N,경기도 의정부시 부용로 95, 현대프라자503호 (금오동),480865,070-4119-4366,20231018
J10,경기도교육청,파주시,교습소,3000072427,브레인코딩컴퓨터교습소,20241108,20241108,개원,        ,        ,0,9,정보,,,, ,Y, ,경기도 파주시 교하로 79,", 혜인프라자 705호(목동동)",10892,031-944-1446,20241117
J10,경기도교육청,파주시,교습소,3000047383,컴퓨터알려주는컴퓨터교습소,20210628,20210628,개원,        ,99991231,45,9,정보,정보,컴퓨터기초,정보교과,"컴퓨터기초:110000, 컴퓨터일반1:80000, 컴퓨터일반2:160000, 자격증과정1:110000, 자격증과정2:210000",Y,N,경기도 파주시 책향기로 419,", 웰스피아 507호 (동패동)",10874,,20231018
J10,경기도교육청,파주시,교습소,3000071979,헬로우잡스코딩교습소,20240911,20240911,개원,        ,        ,0,8,정보,,,, ,Y, ,경기도 파주시 청암로17번길 67,", 106호(목동동)",10892,,20240929
J10,경기도교육청,하남시,교습소,3000068797,로직트리로봇코딩교습소,20240508,20240508,개원,        ,        ,0,9,정보,,,, ,Y, ,경기도 하남시 감일백제로 169,504호(감이동),13003,010-9233-6809,20240512
J10,경기도교육청,하남시,교습소,3000054740,미사와이즈컴퓨터교습소,20230310,20230310,개원,        ,99991231,36,9,정보,정보,,정보교과, ,Y,N,경기도 하남시 미사강변대로34번안길 11,", 406호 (풍산동, 미사스타프라자)",12919,null,20240407
J10,경기도교육청,하남시,학원,3000055233,신호등코딩컴퓨터학원,20230501,20230501,개원,        ,99991231,0,46,정보,정보,정보교과,정보교과, ,Y,N,경기도 하남시 하남대로 790,", 3층 (신장동, 다인빌딩)",12949,null,20241222
J10,경기도교육청,하남시,학원,3000054562,엠제이(MJ)창의영재코딩아카데미학원,20230228,20230228,개원,        ,99991231,32,40,정보,정보,,정보교과, ,Y,N,경기도 하남시 미사강변대로54번길 75,", 213호 (풍산동, 홍우프라자)",12919,031-791-8661,20240505
J10,경기도교육청,하남시,학원,3000055088,코딩하루학원,20230418,20230418,개원,        ,99991231,70,40,정보,정보,,정보교과, ,Y,N,경기도 하남시 미사강변한강로 270-1,", 201동 2-172호 (망월동, 미사강변 호반 써밋)",12912,010-2724-6647,20241222
J10,경기도교육청,하남시,교습소,3000057876,하남미사센터하루코딩교습소,20230718,20230718,개원,        ,        ,0,6,정보,,,, ,Y,N,경기도 하남시 미사강변대로34번길 72,202호(풍산동),12919,,20240519
J10,경기도교육청,화성시,학원,3000051634,디랩코딩동탄호수학원,20220707,20220707,개원,        ,99991231,80,20,정보,정보,,정보교과, ,Y,N,경기도 화성시 동탄순환대로 127-23,", 813호 (산척동, 우성에듀파크)",18505,,20240526
J10,경기도교육청,화성시,교습소,3000068318,레츠고영재코딩교습소,20240320,20240320,개원,        ,        ,0,7,정보,,,, ,Y, ,경기도 화성시 동탄대로시범길 134,"(청계동,동탄역시범반도유보라아이비파크4.0) 2149호",18476,,20240421
J10,경기도교육청,화성시,학원,3000054516,세영AI코딩학원,20230308,20230308,개원,        ,99991231,30,30,정보,정보,,정보교과, ,Y,N,경기도 화성시 동탄순환대로 127-5,", 702호 (산척동, 우성센트럴타워)",18505,null,20240407
J10,경기도교육청,화성시,학원,3000044198,아이디어코딩학원,20200514,20200514,개원,        ,99991231,216,25,정보,정보,"정보교과,",정보교과, ,Y,N,경기도 화성시 동탄대로시범길 148-14,", 인터프라임 1동 503호 (청계동)",18476,,20231018
J10,경기도교육청,화성시,학원,3000064087,와이엠프로젝트코딩연구소학원,20240108,20240108,개원,        ,        ,30,30,정보,,,, ,Y,N,경기도 화성시 동탄순환대로14길 77,"301~302호(산척동,동탄트램프라자)",18502,031-376-6773,20240929
J10,경기도교육청,화성시,교습소,3000067857,코딩하루코딩교습소,20240220,20240220,개원,        ,        ,0,8,정보,,,, ,Y, ,경기도 화성시 동탄순환대로18길 16,동탄센터프라자 1동 309호(목동),18484,,20240303
J10,경기도교육청,화성시,교습소,3000069291,코딩하루화성동탄카림3차센터코딩교습소,20240628,20240628,개원,        ,        ,0,7,정보,,,, ,Y, ,경기도 화성시 동탄순환대로12길 85,"B146호 (산척동,그린힐 반도유보라 아이비파크 10 3656동)",18503,,20240630
J10,경기도교육청,화성시,학원,3000050772,틴틴코딩학원,20220408,20220408,개원,        ,99991231,52,30,정보,정보,,정보교과, ,Y,N,경기도 화성시 수노을중앙로 156,", 403호 (새솔동,폴리프라자II)",18244,,20231018
J10,경기도교육청,화성시,교습소,3000053177,호락호락한희정쌤컴퓨터교습소,20221124,20221124,개원,        ,99991231,40,7,정보,정보,,정보교과, ,Y,N,경기도 화성시 수노을중앙로 130,", 409호 (새솔동)",18244,,20231018
M10,충청북도교육청,청원구,학원,3000011482,이룸컴퓨터학원,20141201,20141201,개원,        ,99991231,84,12,정보,정보,정보교과,정보교과, ,Y,N,충청북도 청주시 청원구 오창읍 중심상업로 7,", 511호 (오창읍)",363883,043-218-2586,20241215
N10,충청남도교육청,아산시,학원,3000012616,탕정러닝센터학원,20160512,20160512,개원,        ,99991231,192,32,정보,정보,정보,정보, ,Y,N,충청남도 아산시 탕정면 탕정면로 37,702동 205호(탕정 삼성트라팰리스 중심상가),31455,041-545-1050,20231210
N10,충청남도교육청,아산시,학원,3000014424,퍼스트코딩학원,20200221,20200221,개원,        ,99991231,84,0,정보,기타(중),,정보처리, ,Y,N,충청남도 아산시 배방읍 배방로 53,", 307호 (배방읍, 황금프라자)",31486,041-533-4323,20240331
N10,충청남도교육청,천안시,교습소,3000015630,설현컴퓨터교습소,20230310,20230310,개원,        ,99991231,45,9,정보,정보,컴퓨터(OA문서작성),정보교과,"컴퓨터(OA문서작성):80000, 컴퓨터(자격증):100000, 컴퓨터(코딩):140000",Y,N,충청남도 천안시 동남구 청수4로 11,", 상가동 204호 (청당동, 청수한양수자인)",31199,,20231018
P10,전북특별자치도교육청,남원시,교습소,3000018073,코딩앤컴퓨터교습소,20240814,20240814,개원,        ,        ,0,0,정보,,,, ,Y, ,전북특별자치도 남원시 용성로 207,"(도통동,부영1차아파트) 아파트상가 1동 210호",55753,,20240818
P10,전라북도교육청,정읍시,학원,3000015582,컴벤져스 컴퓨터&코딩 입시학원,20230131,20230118,개원,        ,99991231,88,16,정보,정보,"정보교과,",정보교과, ,Y,N,전라북도 정읍시 학산로 103-18,", 3층 (상동)",56194,,20231018
Q10,전라남도교육청,광양시,학원,3000011196,뉴전남컴퓨터학원,20131224,20131224,개원,        ,99991231,90,0,정보,정보,,정보교과, ,Y,N,전라남도 광양시 사동로 205-1,", 2층 (마동)",57773,061-795-0777,20231018
Q10,전라남도교육청,광양시,학원,2000006095,미래컴퓨터학원,20000203,20000203,개원,        ,99991231,144,12,정보,정보,,정보교과, ,Y,N,전라남도 광양시 공영로 64,", 4층 (중동)",57795,061-794-7297,20231018
Q10,전라남도교육청,광양시,학원,2000006110,클릭컴퓨터학원,20000512,20000512,개원,        ,99991231,80,30,정보,정보,"정보교과,",정보교과, ,Y,N,전라남도 광양시 광양읍 칠성로 88-1,(광양읍),57743,061-763-9770,20231018
Q10,전라남도교육청,구례군,학원,3000018979,알파AI코딩학원,20240828,20240826,개원,        ,        ,0,0,정보,,,, ,Y, ,전라남도 구례군 구례읍 봉동길 34,2층,57640,,20241110
Q10,전라남도교육청,여수시,교습소,3000014368,서기의프로그래밍컴퓨터교습소,20211221,20211220,개원,        ,99991231,16,8,정보,정보,OA(경시대회)(초중고),정보교과,"OA(경시대회)(초중고):250000, 프로그래밍(고급)(초중):250000",Y,N,전라남도 여수시 좌수영로 975,", 4층 (여천동)",59635,,20231018
Q10,전라남도교육청,진도군,학원,3000014806,진도컴퓨터학원,20230607,20230605,개원,        ,99991231,105,15,정보,정보,"정보교과,",정보교과, ,Y,N,전라남도 진도군 진도읍 남문길 39-4,", 3층 (진도읍)",58921,010-2889-3051,20231018
R10,경상북도교육청,경산시,학원,3000016805,코딩하루학원,20210712,20210712,개원,        ,99991231,146,20,정보,정보,"정보교과,",정보교과, ,Y,N,경상북도 경산시 압량읍 압독2로2길 36,", 4층(명진빌딩) (압량읍)",38536,010-3131-7779,20231018
R10,경상북도교육청,경주시,교습소,3000020114,나로코딩교습소,20231215,20231215,개원,        ,        ,0,7,정보,정보,초등코딩1,정보,"초등코딩1:80000, 초등코딩2:150000, 중등코딩1:95000, 중등코딩2:170000, 고등코딩1:110000, 고등코딩2:200000",Y,N,경상북도 경주시 원화로475번길 40,", 4층(황성동)",38078,,20240128
R10,경상북도교육청,경주시,교습소,3000014684,래빗코딩교습소,20171215,20171215,개원,        ,99991231,35,7,정보,정보,코딩기초(초등),정보,"코딩기초(초등):80000, 피지컬코딩(중등):100000, 아두이노코딩2(고등):120000, 프로그래밍(고등1):140000, 프로그래밍(고등2):280000",Y,N,경상북도 경주시 황성로1번길 23-6,", 205호 (황성동)",38084,,20231022
R10,경상북도교육청,경주시,학원,3000020297,코딩교실학원,20240403,20240403,개원,        ,        ,50,44,정보,,,, ,Y,N,경상북도 경주시 광중길 63,",301호(황성동)",38069,,20240407
R10,경상북도교육청,경주시,교습소,3000017301,코딩하루코딩교습소,20220509,20220509,개원,        ,99991231,27,9,정보,정보,코딩(중급1),정보,"코딩(중급1):130000, 코딩(중급2):145000, 코딩(중급3):155000, 코딩(고급2-AI인공지능):165000, 코딩(고급3-파이썬):190000",Y,N,경상북도 경주시 황성로 37,", 럭키황성아파트상가 303호 (황성동)",38084,,20231119
R10,경상북도교육청,구미시,학원,3000015126,마이로봇코딩학원,20180716,20180716,개원,        ,99991231,162,18,정보,정보,정보,정보, ,Y,N,경상북도 구미시 야은로 309,", 401, 402호 (도량동)",39202,,20240324
R10,경상북도교육청,구미시,학원,3000020142,지니로봇코딩학원,20231220,20231220,개원,        ,        ,0,10,정보,정보,정보교과,정보교과, ,Y,N,경상북도 구미시 산동읍 신당2로 29,605호,39464,,20240204
R10,경상북도교육청,구미시,학원,3000017499,코딩하루구미송정학원,20221011,20221011,개원,        ,99991231,190,10,정보,정보,"정보교과,",정보교과, ,Y,N,경상북도 구미시 박정희로 599,", 푸르지오·캐슬 A단지 2층 201호 (송정동, 푸르지오캐슬 A단지)",39304,,20231018
R10,경상북도교육청,김천시,학원,3000016892,오람컴퓨터코딩학원,20210908,20210908,개원,        ,99991231,225,48,정보,정보,"정보교과,",정보교과, ,Y,N,경상북도 김천시 혁신3로 5,", 4층 (율곡동, 율곡스퀘어Ⅲ)",39660,,20231112
R10,경상북도교육청,예천군,학원,3000017637,코딩하루학원 경북도청센터,20230101,20221226,개원,        ,99991231,70,14,정보,정보,"정보교과,",정보교과, ,Y,N,경상북도 예천군 호명면 새움3로 20,", 602 (호명면, 신성프라자)",36849,,20231018
R10,경상북도교육청,포항시,학원,3000020085,그로센딕코딩영재학원,20231120,20231120,개원,        ,        ,70,12,정보,정보,정보교과,정보교과, ,Y,N,경상북도 포항시 남구 대이로 149,", 201호 일부(이동)",37676,,20241208
R10,경상북도교육청,포항시,교습소,3000017363,씨큐브코딩교습소,20220621,20220621,개원,        ,99991231,42,7,정보,정보,코딩초등A,정보교과,"코딩초등A:100000, 코딩초등B:150000, 코딩중등A:200000, 코딩중등B:270000, 코딩고등A:220000, 코딩고등B:330000",Y,N,경상북도 포항시 북구 장량로241번길 12,", 3층 일부 (양덕동)",37592,,20231018
R10,경상북도교육청,포항시,학원,3000021939,코딩그라운드원격학원,20240802,20240802,개원,        ,        ,210,0,정보,,,, ,Y, ,경상북도 포항시 북구 흥해읍 한동로 558,", 한동대학교 창업보육센터 303호",37554,070-8680-9990,20240915
R10,경상북도교육청,포항시,학원,3000014378,코딩그라운드포항점학원,20170620,20170620,개원,        ,99991231,90,28,정보,정보,정보교과,정보교과, ,Y,N,경상북도 포항시 남구 효성로 25,", 2층 (효자동)",37836,054-277-8349,20240519
R10,경상북도교육청,포항시,학원,3000017552,코딩앤플레이코딩교육학원,20221114,20221114,개원,        ,99991231,300,23,정보,정보,,정보교과, ,Y,N,경상북도 포항시 북구 양덕로44번길 6,", 3층 (양덕동)",37592,,20231018
R10,경상북도교육청,포항시,학원,3000017756,코딩앤플레이효자상도학원,20230224,20230224,개원,        ,99991231,60,30,정보,정보,,정보교과, ,Y,N,경상북도 포항시 남구 상도남로33번길 14,", 1층 (상도동)",37834,null,20240128
R10,경상북도교육청,포항시,교습소,3000016251,코딩하루코딩교습소,20200407,20200407,개원,        ,99991231,15,5,정보,정보,초등코딩(초급),정보교과,"초등코딩(초급):120000, 중등코딩(중급):140000, 고등코딩(고급):160000",Y,N,경상북도 포항시 남구 대이로159번길 17-13,", 1층 일부 (이동)",37676,null,20241208
S10,경상남도교육청,거제시,학원,3000020652,KM코딩학원,20220103,20220103,개원,        ,99991231,72,62,정보,정보,정보교과,정보교과, ,Y,N,경상남도 거제시 옥포중앙로 43,", 2층 (옥포동)",53219,null,20240915
S10,경상남도교육청,거제시,학원,3000016538,SW코딩학원,20170731,20170731,개원,        ,99991231,52,49,정보,정보,,정보교과, ,Y,N,경상남도 거제시 수양로 440,", 401호 (수월동)",53237,055-9504-393,20231018
S10,경상남도교육청,거창군,학원,3000019073,와이즈코딩러닝센터학원,20200122,20200122,개원,        ,99991231,100,55,정보,정보,"정보교과,",정보교과, ,Y,N,경상남도 거창군 거창읍 강변로8길 11,", 2~3층",50139,010-4554-0956,20240519
S10,경상남도교육청,김해시,학원,3000017030,로보티즈키즈랩김해율하학원,20171221,20171221,개원,        ,99991231,240,15,정보,정보,정보교과,정보교과, ,Y,N,경상남도 김해시 율하1로 91,", 5층 501호 (율하동, 수림빌딩)",51014,,20240303
S10,경상남도교육청,김해시,교습소,3000021141,창의영재코딩정보교습소,20220715,20220715,개원,        ,99991231,36,9,정보,정보,초급정보,정보교과,"초급정보:140000, 고급정보C:100000, 고급정보D:140000, 고급정보E:210000, 고급정보F:270000, 고급정보G:140000, 고급정보H:270000, 고급정보I:400000, 고급정보J:240000, 고급정보K:350000, 고급정보L:160000, 고급정보M:310000, 고급정보N:460000, 고급정보O:180000, 고급정보P:350000, 고급정보Q:510000, 고급정보R:210000, 고급정보S:410000, 중급정보:210000, 고급정보A:60000, 고급정보B:90000",Y,N,경상남도 김해시 율하3로 27,", 202호 (율하동)",51019,010-9347-5221,20241215
S10,경상남도교육청,김해시,교습소,3000021544,코딩트리정보교습소,20221215,20221215,개원,        ,99991231,88,9,정보,정보,정보고급A,정보교과, ,Y,N,경상남도 김해시 율하숲길 24,", 502호 (장유동)",51022,010-8221-9556,20231018
S10,경상남도교육청,김해시,교습소,3000021637,호그와트코딩정보교습소,20230206,20230206,개원,        ,99991231,0,0,정보,정보,,정보교과, ,Y,N,경상남도 김해시 율하5로 7,", 203호 (장유동, 시티프라디움)",51023,010-6705-1594,20231018
S10,경상남도교육청,사천시,교습소,3000021405,강쌤코딩정보교습소,20221111,20221111,개원,        ,99991231,90,9,정보,정보,일반A,정보교과,"일반A:40000, 일반B:80000, 일반C:10000, 고급A:48000, 고급B:60000, 고급C:55000, 고급D:95000, 고급E:95000, 고급F:140000, 고급G:190000",Y,N,경상남도 사천시 정동면 동계길 48,", 상가동 2층 (정동면, 대영풀리비안아파트)",52521,,20231018
S10,경상남도교육청,양산시,학원,3000020283,나래컴퓨터학원,20210809,20210804,개원,        ,99991231,144,54,정보,정보,,정보, ,Y,N,경상남도 양산시 물금읍 새실로 159,", B동 206호 (물금읍, 나래메트로시티)",50653,,20231018
S10,경상남도교육청,양산시,학원,3000019201,스마트로봇코딩학원,20200113,20200113,개원,        ,99991231,120,30,정보,정보,,정보교과, ,Y,N,경상남도 양산시 물금읍 증산역로 163,", 707호 일부(좌측실) (물금읍, 재승프라자)",50653,,20240407
S10,경상남도교육청,양산시,교습소,3000022007,컴짱컴공정보교습소,20230724,20230725,개원,        ,        ,0,9,정보,,,, ,Y,N,경상남도 양산시 대운7길 27,"(삼호동), 1층",50525,,20231018
S10,경상남도교육청,진주시,학원,3000021121,디랩코딩진주학원,20220705,20220705,개원,        ,99991231,42,54,정보,정보,,정보교과, ,Y,N,경상남도 진주시 진양호로44번길 23-21,", 1층  (평거동)",52650,,20240519
S10,경상남도교육청,진주시,학원,3000019260,초전올데이컴퓨터코딩학원,20200403,20200403,개원,        ,99991231,48,86,정보,정보,정보교과,정보교과, ,Y,Y,경상남도 진주시 초북로20번길 20,(초전동) 301호,52731,,20240414
S10,경상남도교육청,진주시,교습소,3000031987,코딩하루코딩교습소,20240823,20240823,개원,        ,        ,0,8,정보,,,, ,Y, ,경상남도 진주시 가호로44번길 7,", 108동 102호(호탄동,대동디지털황토아파트)",52819,,20240908
S10,경상남도교육청,진주시,학원,3000020479,퍼스트코딩학원,20211104,20211104,개원,        ,99991231,66,68,정보,정보,정보교과,정보교과, ,Y,N,경상남도 진주시 초전북로 57,", 3층 (초전동)",52731,,20240421
S10,경상남도교육청,진주시,학원,3000021476,평거올데이컴퓨터코딩학원,20221130,20221130,개원,        ,99991231,48,56,정보,정보,,정보교과, ,Y,N,경상남도 진주시 진양호로 84,", 3층 동측 (평거동)",52650,,20231018
S10,경상남도교육청,창원시,학원,3000030285,MJ창의영재코딩아카데미학원,20240619,20240619,개원,        ,        ,100,25,정보,,,, ,Y,N,경상남도 창원시 마산회원구 용마로 130,1004호(양덕동),51320,,20240714
S10,경상남도교육청,창원시,학원,3000018588,로보티즈로봇융합학원,20190716,20190710,개원,        ,99991231,36,36,정보,보통교과,,보습, ,Y,N,경상남도 창원시 진해구 냉천로 164,", 501호 (자은동,탑빌딩)",51592,055-603-8696,20241117
S10,경상남도교육청,창원시,학원,3000032034,비전코딩학원,20240920,20240920,개원,        ,        ,40,19,정보,정보,정보,정보, ,Y, ,경상남도 창원시 성산구 가양로124번길 23,", 402호(대방동, 크리스탈빌딩)",51465,,20240929
S10,경상남도교육청,창원시,교습소,3000021623,재니스코딩교습소,20230201,20230201,개원,        ,99991231,21,7,정보,보통교과,코딩(코딩A(고급)),입시,"코딩(코딩A(고급)):80000, 코딩(코딩B(고급)):90000, 코딩(코딩C(고급)):90000",Y,N,경상남도 창원시 의창구 중동중앙로 47,", 1710호 (중동, 어반브릭스)",51382,,20231018
S10,경상남도교육청,창원시,학원,3000021458,창원상남센터코딩하루학원,20221129,20221129,개원,        ,99991231,150,25,정보,정보,정보,정보, ,Y,N,경상남도 창원시 성산구 동산로 124,", 6층 616-1호 (상남동, 성원아파트 성원종합상가)",51499,null,20241117
S10,경상남도교육청,창원시,학원,11818,창의과학학원,20071203,20071203,개원,        ,99991231,60,30,정보,정보,정보교과,정보교과, ,Y,N,경상남도 창원시 마산합포구 3·15대로 185,", 302호 (희가로플러스) (중앙동2가)",51266,055-245-2567,20240714
S10,경상남도교육청,창원시,학원,3000026253,코딩을더하다학원,20240102,20240102,개원,        ,        ,100,20,정보,정보,정보교과,정보교과, ,Y, ,경상남도 창원시 성산구 반송로 148-9,"410호(반림동, 반송아이필프라자)",51426,,20241124
S10,경상남도교육청,창원시,교습소,3000020822,코딩하루양덕코딩교습소,20220302,20220302,개원,        ,99991231,112,8,정보,정보,고급LV.2 A,정보교과,"고급LV.2 A:155000, 고급LV.2 B:155000, 고급LV.3 A:165000, 고급LV.3 B:165000, 고급LV.4 A:165000, 고급LV.4 B:165000, 고급LV.5 A:175000, 고급LV.5 B:175000, 고급LV.6 A:195000, 고급LV.6 B:195000, 고급 자격증반 A:120000, 고급 자격증반 B:120000, 고급 방학특강(LV.2):130000, 고급 방학특강(LV.3):140000",Y,N,경상남도 창원시 마산회원구 삼호로 80,", 211동 244호 (양덕동, 메트로시티 2단지)",51319,,20231018
S10,경상남도교육청,창원시,학원,3000021511,코딩하루진해장천학원,20221219,20221219,개원,        ,99991231,84,12,정보,정보,정보,정보, ,Y,N,경상남도 창원시 진해구 충장로657번길 20,", 1004호 일부 (장천동, 현대빌딩)",51628,null,20240121
S10,경상남도교육청,창원시,교습소,3000021305,코딩하루코딩교습소,20220711,20220711,개원,        ,99991231,90,6,정보,,"LV1(스크래치JR,주2회)",,"LV1(스크래치JR,주2회):120000, LV1(스크래치JR,주1회):120000, LV2(스크래치JR,주2회):145000, LV2(스크래치JR,주1회):145000, LV3(엔트리,주2회):145000, LV3(엔트리,주1회):145000, LV4(스크래치,주2회):155000, LV4(스크래치,주1회):155000, LV5(인공지능,주2회):165000, LV5(인공지능,주1회):165000, LV6(파이썬,주2회):175000, LV6(파이썬,주1회):175000, 일일특강:20000, 방학특강(로봇+EPL):120000, 방학특강(자격반):160000",Y,N,경상남도 창원시 의창구 북면 감계로 221,", 제상가1동 206호 (북면, 창원 감계 푸르지오)",51112,,20231018
T10,제주특별자치도교육청,서귀포시,학원,3000016611,CIT르네상스에듀학원,20240827,20240827,개원,        ,        ,25,12,정보,,,, ,Y,N,제주특별자치도 서귀포시 대정읍 에듀시티로 40,201호,63644,064-794-2224,20241222
T10,제주특별자치도교육청,서귀포시,학원,3000016578,사파이어랩학원,20240624,20240624,개원,        ,        ,68,18,정보,정보,,정보, ,Y, ,제주특별자치도 서귀포시 대정읍 중산간서로 2267,2충,63519,,20240630
T10,제주특별자치도교육청,서귀포시,학원,3000010419,서귀포Learning학원,20130409,20130409,개원,        ,99991231,155,25,정보,정보,"정보교과,",정보교과, ,Y,N,제주특별자치도 서귀포시 동홍서로96번길 16,", 3층 (동홍동)",63588,064-732-3861,20231018
T10,제주특별자치도교육청,서귀포시,학원,3000011891,아이티학원,20200506,20200504,개원,        ,99991231,84,28,정보,정보,"정보교과,",정보교과, ,Y,N,제주특별자치도 서귀포시 대정읍 에듀시티로239번길 12,", 3층 (대정읍)",63644,064-792-0700,20231018
T10,제주특별자치도교육청,서귀포시,학원,3000016519,압구정코딩컨설팅학원,20240304,20240304,개원,        ,        ,0,0,정보,,,, ,Y,N,제주특별자치도 서귀포시 대정읍 글로벌에듀로304번길 36,"C동, 202호",63644,070-4334-2105,20240922
T10,제주특별자치도교육청,서귀포시,학원,3000016609,코다학원,20240816,20240816,개원,        ,        ,135,15,정보,,,, ,Y,N,제주특별자치도 서귀포시 대정읍 글로벌에듀로 390,B동 112호,63644,,20241020
T10,제주특별자치도교육청,서귀포시,학원,3000011325,코딩을디자인하다학원,20171220,20171212,개원,        ,99991231,160,20,정보,정보,,정보교과, ,Y,N,제주특별자치도 서귀포시 대정읍 글로벌에듀로 390,", B동 108호~109호 남영에듀클래스 (대정읍)",63644,064-747-8633,20240908
