번호,급,지역,기관명,홈페이지,우편번호,설립,구분,주소,전화,FAX,위도,경도
1415,초등학교,목포시,목포서산초등학교,http://mokposeosan.es.jne.kr,58758,공립,본교,"전라남도 목포시 유달로 28 (서산동,목포서산초등학교)",061-245-4725,061-245-4133,34.78209433,126.374877
1414,초등학교,목포시,목포서산초등학교충무분교장,http://mokposeosan.es.jne.kr,58762,공립,분교,"전라남도 목포시 고하도길 91 (달동,목포서산초등학교충무분교)",061-246-2004,061-246-2044,34.76205548,126.3673998
1413,초등학교,목포시,목포서해초등학교,http://mokposeohae.es.jne.kr,58633,공립,본교,"전라남도 목포시 연산로 148 , 목포서해초등학교",061-279-5708,061-279-5709,34.810466,126.3811022
1412,초등학교,목포시,목포석현초등학교,http://mpsh.es.jne.kr,58656,공립,본교,전라남도 목포시 옥암로 186번길 20 목포석현초등학교 (옥암동),061-285-9907,061-285-9906,34.81497325,126.4245026
1411,초등학교,목포시,목포신흥초등학교,http://mokposhinhung.es.jne.kr,58694,공립,본교,"전라남도 목포시 교육로 10 (상동,목포신흥초등학교)",061-281-7541,061-281-7543,34.79940507,126.4246589
1410,초등학교,목포시,목포애향초등학교,http://mpah.es.jne.kr,58674,공립,본교,"전라남도 목포시 당가두로38번길 23 (옥암동,애향초등학교)",061-801-7000,061-801-7005,34.80884727,126.4415067
1409,초등학교,목포시,목포연동초등학교,http://mokpoyeondong.es.jne.kr,58732,공립,본교,"전라남도 목포시 연동로17번길 9 (산정동,연동초등학교)",061-278-7102,061-272-3868,34.79682384,126.3949942
1408,초등학교,목포시,목포연산초등학교,http://mokpoyeonsan.es.jne.kr,58633,공립,본교,"전라남도 목포시 원산중앙로 88 , 목포연산초등학교",061-273-4172,061-273-4190,34.81092222,126.3807709
1407,초등학교,목포시,목포영산초등학교,http://mpys.es.jne.kr,58679,공립,본교,"전라남도 목포시 남악1로16번길 25 (옥암동,목포영산초등학교)",061-287-7802,061-287-7807,34.80804584,126.4499971
1406,초등학교,목포시,목포옥암초등학교,http://mokpoogam.es.jne.kr,58676,공립,본교,"전라남도 목포시 남악1로52번길 68-3 (옥암동,목포옥암초등학교)",061-287-0354,061-287-0358,34.81132584,126.4529568
1405,초등학교,목포시,목포용해초등학교,http://yonghae.es.jne.kr,58610,공립,본교,"전라남도 목포시 포미로 35 , 목포용해초등학교",061-279-0092,061-279-0096,34.81858262,126.396995
1404,초등학교,목포시,목포용호초등학교,http://mokpoyongho.es.jne.kr,58705,공립,본교,"전라남도 목포시 용당로 139 (용당동,용호초등학교)",061-800-5100,061-800-5199,34.79969443,126.4009353
1403,초등학교,목포시,목포유달초등학교,http://mokpoyudal.es.jne.kr,58755,공립,본교,"전라남도 목포시 영산로10번길 10 (유달동,목포유달초등학교)",061-244-0407,061-244-9766,34.78528381,126.3795248
1402,초등학교,목포시,목포유달초등학교달리분교장,http://mokpoyudal.es.jne.kr,58761,공립,분교,"전라남도 목포시 달리길157번길 35 (달동,유달초등학교달리분교)",061-246-2002,061-244-9766,34.77492772,126.3135412
1401,초등학교,목포시,목포유달초등학교율도분교장,http://mokpoyudal.es.jne.kr,58760,공립,분교,"전라남도 목포시 율도길 88 , 목포유달초등학교율도분교장",061-244-0407,061-244-9766,34.80353208,126.3227984
1400,초등학교,목포시,목포이로초등학교,http://mokpoiro.es.jne.kr,58701,공립,본교,"전라남도 목포시 이로로9번길 3 (용해동,식수대)",061-274-0130,061-272-5543,34.80511723,126.4068236
1399,초등학교,목포시,목포임성초등학교,http://mokpoimsung.es.jne.kr,58605,공립,본교,전라남도 목포시 신지마을1길 41 목포임성초등학교,061-283-5531,061-283-7218,34.82462985,126.4354625
1398,초등학교,목포시,목포중앙초등학교,http://mokpojungang.es.jne.kr,58722,공립,본교,"전라남도 목포시 청호로 11 (호남동,중앙초등학교)",061-244-3571,061-244-3574,34.79530168,126.3855164
1397,초등학교,목포시,목포청호초등학교,http://mokpocheongho.es.jne.kr,58663,공립,본교,"전라남도 목포시 옥암로96번길 25 (옥암동,목포청호초등학교)",061-281-6984,061-281-6986,34.8102911,126.4278794
1396,초등학교,목포시,목포하당초등학교,http://mokpohadang.es.jne.kr,58666,공립,본교,"전라남도 목포시 백년대로307번길 27 (상동,목포하당초등학교)",061-283-0144,061-281-1866,34.80668388,126.4191616
1395,초등학교,목포시,목포한빛초등학교,http://mokpohanbit.es.jne.kr,58690,공립,본교,"전라남도 목포시 교육로66번길 22 (상동,한빛초등학교)",061-284-5322,061-284-5324,34.80355116,126.4223046
1394,초등학교,목포시,목포항도초등학교,http://mphangdo.es.jne.kr/,58617,공립,본교,"전라남도 목포시 텃골로33번길 94-8 (상동,목포항도초등학교)",061-285-0371,061-285-0370,34.81619537,126.4153918
1377,초등학교,무안군,남악초등학교,http://namak.es.jne.kr,58568,공립,본교,"전라남도 무안군 삼향읍 남악영산길 6 (삼향읍,남악초등학교)",061-282-7965,061-282-7968,34.81277088,126.4740364
1376,초등학교,무안군,망운초등학교,http://mangun.es.jne.kr,58534,공립,본교,"전라남도 무안군 망운면 망운로 34 (망운면,망운초등학교)",061-452-1055,061-452-1837,35.01627831,126.393733
1375,초등학교,무안군,몽탄초등학교,http://mongtan.es.jne.kr,58546,공립,본교,"전라남도 무안군 몽탄면 몽탄로 878 (몽탄면,몽탄초교)",061-452-3015,061-453-1720,34.92937501,126.5015002
1374,초등학교,무안군,삼향동초등학교,http://samhyangdong.es.jne.kr,58562,공립,본교,"전라남도 무안군 삼향읍 극포길 25 (삼향읍,삼향동초등학교)",061-281-9502,061-281-9740,34.83797191,126.4777551
1373,초등학교,무안군,삼향북초등학교,http://sambuk.es.jne.kr,58558,공립,본교,"전라남도 무안군 삼향읍 원지산길 66 (삼향읍,삼향북초등학교)",061-282-4539,061-282-8066,34.87964218,126.4198651
1372,초등학교,무안군,삼향초등학교,http://samhyang.es.jne.kr,58561,공립,본교,"전라남도 무안군 삼향읍 삼향중앙로 84 (삼향읍,삼향초등학교)",061-282-1897,061-281-9921,34.84241361,126.4333687
1371,초등학교,무안군,오룡초등학교,http://oryong.es.jne.kr,58578,공립,본교,전라남도 무안군 삼향읍 남악5로22번길 34 오룡초등학교,061-281-6183,061-281-6186,34.80711667,126.4747237
1370,초등학교,무안군,운남초등학교,http://unnam.es.jne.kr,58537,공립,본교,"전라남도 무안군 운남면 운해로 543 (운남면,운남초등학교)",061-453-2088,061-453-2799,34.95953794,126.3382734
1369,초등학교,무안군,일로동초등학교,http://illodong.es.jne.kr,58570,공립,본교,"전라남도 무안군 일로읍 광암길 81-7 (일로읍,일로동초교)",061-281-9228,061-282-8174,34.87289919,126.5089418
1368,초등학교,무안군,일로초등학교,http://illo.es.jne.kr,58574,공립,본교,"전라남도 무안군 일로읍 일로로 69 (일로읍,일로초등학교)",061-281-3043,061-282-8302,34.85125139,126.4939985
1367,초등학교,무안군,일로초등학교청망분교장,http://illo.es.jne.kr,58577,공립,분교,"전라남도 무안군 일로읍 청포로 421 (일로읍,일로초교청망분교장)",061-282-0428,061-282-8302,34.79300776,126.5030085
1366,초등학교,무안군,청계남초등학교,http://cheonggyenam.es.jne.kr,58555,공립,본교,"전라남도 무안군 청계면 문화로 105 (청계면,청계남초등학교)",061-452-0065,061-452-6720,34.88436085,126.4372989
1365,초등학교,무안군,청계북초등학교,http://cheonggyebuk.es.jne.kr,58545,공립,본교,"전라남도 무안군 청계면 사마길 8 (청계면,청계북초등학교)",061-454-4572,061-454-3866,34.95758395,126.4464073
1364,초등학교,무안군,청계초등학교,http://cheonggye.es.jne.kr,58541,공립,본교,"전라남도 무안군 청계면 영산로 1870 , 청계초등학교",061-454-5073,061-454-5077,34.92598544,126.4293014
1363,초등학교,무안군,해제남초등학교,http://haejenam.es.jne.kr,58508,공립,본교,"전라남도 무안군 해제면 돌기길 5 (해제면,해제남초등학교)",061-452-6377,061-453-7230,35.08244469,126.2955581
1362,초등학교,무안군,해제초등학교,http://haeje.es.jne.kr,58502,공립,본교,"전라남도 무안군 해제면 양간로 77 (해제면,해제초등학교)",061-452-2213,061-452-7004,35.11476397,126.2962892
1361,초등학교,무안군,현경북초등학교,http://hyeongyeongbuk.es.jne.kr,58509,공립,본교,"전라남도 무안군 현경면 현해로 757 (현경면,현경북초등학교)",061-452-2214,061-453-7160,35.05993415,126.3609451
1360,초등학교,무안군,현경초등학교,http://hyeongyeong.es.jne.kr,58512,공립,본교,"전라남도 무안군 현경면 황토길 17 (현경면,현경초등학교)",061-452-2198,061-452-9841,35.01985554,126.4144192
1359,초등학교,무안군,무안초등학교,http://muan.es.jne.kr,58524,공립,본교,"전라남도 무안군 무안읍 면성2길 30 (무안읍,무안초등학교)",061-452-9700,061-452-0092,34.99136012,126.4764629
1348,초등학교,보성군,겸백초등학교,http://gyeombaek.es.jne.kr,59411,공립,본교,전라남도 보성군 겸백면 충의로 2496 겸백초등학교,061-853-6369,061-853-9482,34.83142371,127.1510838
1347,초등학교,보성군,낙성초등학교,http://nakseong.es.jne.kr,59413,공립,본교,"전라남도 보성군 벌교읍 채동선로 706 , 낙성초등학교",061-857-0933,061-857-8782,34.87688234,127.3137965
1346,초등학교,광양시,광양중동초등학교,http://gyjdong.es.jne.kr,57794,공립,본교,"전라남도 광양시 광장로 112-6 (중동,광양중동초등학교)",061-798-9371,061-791-8620,34.93330753,127.6960195
1345,초등학교,광양시,광양중마초등학교,http://gyjma.es.jne.kr,57781,공립,본교,"전라남도 광양시 구마9길 33 (중동,광양중마초등학교)",061-797-1207,061-797-1298,34.94744403,127.6859801
1344,초등학교,광양시,광양중앙초등학교,http://gyjang.es.jne.kr,57777,공립,본교,"전라남도 광양시 불무길 15 (중동,광양중앙초등학교)",061-791-2319,061-791-2321,34.94565092,127.6938075
1343,초등학교,광양시,광양중진초등학교,http://jungjin.es.jne.kr,57791,공립,본교,"전라남도 광양시 광장로 75 (중동,광양중진초등학교)",061-797-0490,061-794-7329,34.93270961,127.6927616
1342,초등학교,광양시,광양칠성초등학교,http://gychls.es.jne.kr,57740,공립,본교,"전라남도 광양시 광양읍 서평로 60 (광양읍,광양칠성초등학교)",061-762-8696,061-762-8636,34.97942448,127.5786738
1341,초등학교,광양시,광영초등학교,http://gyeong.es.jne.kr,57715,공립,본교,"전라남도 광양시 금영로 140 (광영동,광영초등학교)",061-792-6157,061-793-8905,34.96363297,127.7207758
1340,초등학교,광양시,다압초등학교,http://daap.es.jne.kr,57709,공립,본교,"전라남도 광양시 다압면 항동3길 10 (다압면,다압초등학교)",061-772-3087,061-772-6668,35.12126637,127.6914757
1339,초등학교,광양시,봉강초등학교,http://bgang.es.jne.kr,57701,공립,본교,"전라남도 광양시 봉강면 조양길 42 (봉강면,봉강초등학교)",061-763-1605,061-763-4185,35.01223063,127.5809469
1338,초등학교,광양시,성황초등학교,http://gysh.es.jne.kr,57767,공립,본교,"전라남도 광양시 지동길 15 (성황동,성황초등학교)",061-798-0220,061-791-4483,34.94027905,127.6829387
1337,초등학교,광양시,세풍초등학교,http://sepung.es.jne.kr,57765,공립,본교,"전라남도 광양시 광양읍 해광로 583 (광양읍,세풍초등학교)",061-762-1768,061-762-1769,34.94394721,127.582282
1336,초등학교,광양시,옥곡초등학교,http://okgok.es.jne.kr,57726,공립,본교,"전라남도 광양시 옥곡면 옥진로 623 (옥곡면,옥곡초등학교)",061-772-6681,061-772-2528,34.99090492,127.6960029
1335,초등학교,광양시,옥룡북초등학교,http://orbuk.es.jne.kr,57703,공립,본교,"전라남도 광양시 옥룡면 청평길 7 (옥룡면,옥룡북초등학교)",061-762-1949,061-762-6959,35.04164558,127.6164145
1334,초등학교,광양시,옥룡초등학교,http://gyok.es.jne.kr,57704,공립,본교,"전라남도 광양시 옥룡면 신재로 607 (옥룡면,옥룡초등학교)",061-762-8908,061-762-8907,35.01583815,127.6184734
1333,초등학교,광양시,진상초등학교,http://jinsang.es.jne.kr,57707,공립,본교,"전라남도 광양시 진상면 신시2길 44 (진상면,진상초등학교)",061-772-6608,061-772-5444,35.02009771,127.7165245
1332,초등학교,광양시,진월초등학교,http://kyjw.es.jne.kr,57712,공립,본교,"전라남도 광양시 진월면 선소중앙길 69 (진월면,진월초등학교)",061-772-2711,061-772-5547,34.97859769,127.7594725
1331,초등학교,광양시,태인초등학교,http://gy-taein.es.jne.kr,57813,공립,본교,"전라남도 광양시 태인길 95 (태인동,태인초등학교)",061-795-5073,061-792-5645,34.94596712,127.7439466
1330,초등학교,광양시,광양제철남초등학교,http://gwangcheolnam.es.jne.kr,57809,사립,본교,"전라남도 광양시 금호로 40 (금호동,제철남초등학교)",061-798-1403,061-798-1407,34.68041627,127.3575876
1329,초등학교,광양시,광양제철초등학교,http://gwangcheol.es.jne.kr,57802,사립,본교,"전라남도 광양시 마로니에길 48 (금호동,광양제철초등학교)",061-798-1304,061-798-1307,34.68041627,127.3575876
1327,초등학교,보성군,노동초등학교,http://nodong.es.jne.kr,59444,공립,본교,"전라남도 보성군 노동면 거석길 218 (노동면,강당)",061-852-0203,061-853-3256,34.82428215,127.0485424
1326,초등학교,보성군,득량남초등학교,http://deukryangnam.es.jne.kr,59466,공립,본교,"전라남도 보성군 득량면 월평1길 50 , 득량남초등학교",061-853-2050,061-852-7417,34.75199989,127.1864251
1325,초등학교,보성군,문덕초등학교,http://bsmundeok.es.jne.kr,59402,공립,본교,"전라남도 보성군 문덕면 동소산길 129-10 , 문덕초등학교 (문덕면,관사)",061-852-1061,061-853-7510,34.9197897,127.1753523
1324,초등학교,보성군,미력초등학교,http://miryeok.es.jne.kr,59443,공립,본교,"전라남도 보성군 미력면 송재로 589 , 미력초등학교",061-853-4614,061-853-4615,34.79989099,127.0858574
1323,초등학교,보성군,벌교중앙초등학교,http://beoljung.es.jne.kr,59430,공립,본교,"전라남도 보성군 벌교읍 장좌길 10 , 벌교중앙초등학교 (벌교읍,관사)",061-857-0440,061-858-0440,34.83769186,127.3423221
1322,초등학교,나주시,양산초등학교,http://najuyangsan.es.jne.kr,58304,공립,본교,"전라남도 나주시 왕곡면 고분로 1560 (왕곡면,양산초등학교)",061-337-2448,061-337-4990,34.97023218,126.7056724
1321,초등학교,나주시,영강초등학교,http://yeonggang.es.jne.kr,58253,공립,본교,"전라남도 나주시 영강길 14 (삼영동,영강초등학교)",061-337-0802,061-333-3404,35.0069745,126.712539
1320,초등학교,나주시,영산포초등학교,http://njysp.es.jne.kr,58272,공립,본교,전라남도 나주시 금영로 2-6 영산포초등학교,061-336-0513,061-332-8516,34.99410862,126.7150069
1319,초등학교,나주시,왕곡초등학교,http://njwanggok.es.jne.kr,58296,공립,본교,"전라남도 나주시 왕곡면 나주서부로 554 (왕곡면,왕곡초등학교)",061-336-6551,061-335-8636,34.96366649,126.6549869
1307,초등학교,고흥군,포두초등학교,http://podu.es.jne.kr,59524,공립,본교,전라남도 고흥군 포두면 우주로 624 포두초등학교,061-832-5419,061-832-5579,34.5694116,127.3407175
1306,초등학교,고흥군,풍남초등학교,http://pungnam.es.jne.kr,59550,공립,본교,"전라남도 고흥군 풍양면 풍남로 716 (풍양면,풍남초등학교)",061-832-3973,061-833-5019,34.52363234,127.2445026
1305,초등학교,고흥군,풍양초등학교,http://pungyang.es.jne.kr,59549,공립,본교,"전라남도 고흥군 풍양면 죽시장터길 13-6 (풍양면,창고)",061-832-4495,061-835-1454,34.57564766,127.2435955
1289,초등학교,곡성군,고달초등학교,http://godal.es.jne.kr,57546,공립,본교,전라남도 곡성군 고달면 곡고로 424 (고달면),061-363-6364,061-362-4229,35.29669074,127.3420802
1275,초등학교,구례군,간문초등학교,http://ganmun.es.jne.kr,57628,공립,본교,"전라남도 구례군 간전면 간전중앙로 164 , 간문초등학교 (간전면,간문초등학교)",061-781-4227,061-781-6866,35.17740527,127.5421031
1274,초등학교,구례군,광의초등학교,http://gwangui.es.jne.kr,57611,공립,본교,"전라남도 구례군 광의면 광의초교길 23 (광의면,광의초등학교)",061-781-3250,061-781-5895,35.25936947,127.4457871
1273,초등학교,구례군,구례북초등학교,http://guryebuk.es.jne.kr,57652,공립,본교,"전라남도 구례군 구례읍 학교길 119-7 (구례읍,구례북초등학교)",061-782-2144,061-782-1127,35.21010107,127.4596058
1272,초등학교,구례군,구례중앙초등학교,http://grjungang.es.jne.kr,57641,공립,본교,"전라남도 구례군 구례읍 봉성로 30 (구례읍,구례중앙초등학교)",061-782-4464,061-782-1629,35.2040744,127.4648781
1271,초등학교,구례군,문척초등학교,http://muncheok.es.jne.kr,57630,공립,본교,"전라남도 구례군 문척면 수달생태로 270 (문척면,문척초등학교)",061-781-5307,061-781-6906,35.19214654,127.4898971
1270,초등학교,구례군,용방초등학교,http://yongbang.es.jne.kr,57612,공립,본교,"전라남도 구례군 용방면 용방로 464 (용방면,용방초등학교)",061-782-1985,061-782-3663,35.25072657,127.4331258
1269,초등학교,구례군,원촌초등학교,http://gr-wonchon.es.jne.kr,57602,공립,본교,"전라남도 구례군 산동면 원촌길 123 (산동면,원촌초교)",061-781-1687,061-781-1904,35.3162475,127.4387752
1263,초등학교,담양군,고서초등학교,http://goseo.es.jne.kr,57385,공립,본교,전라남도 담양군 고서면 원등1길 7 (고서면),061-382-0230,061-383-8397,35.224635,126.973633
1262,초등학교,담양군,금성초등학교,http://ks.es.jne.kr,57305,공립,본교,전라남도 담양군 금성면 석현길 18 (금성면),061-383-9870,061-382-1901,35.34476246,127.0247911
1261,초등학교,담양군,남면초등학교,http://dy-nammyeon.es.jne.kr,57392,공립,본교,"전라남도 담양군 남면 연천길 3 , 남면초등학교",061-382-1024,061-383-8021,35.17821169,127.0264223
1260,초등학교,담양군,담양남초등학교,http://damyangnam.es.jne.kr,57345,공립,본교,전라남도 담양군 담양읍 지침5길 14 (담양읍),061-383-3553,061-383-9845,35.31815688,126.9865616
1259,초등학교,담양군,담양동초등학교,http://damdong.es.jne.kr,57340,공립,본교,전라남도 담양군 담양읍 추성로 1323 (담양읍),061-383-7012,061-383-7013,35.32030529,126.9835348
1258,초등학교,담양군,담주초등학교,http://damju.es.jne.kr,57364,공립,본교,"전라남도 담양군 담양읍 신성길 26 , 담주초등학교 (담양읍)",061-382-2978,061-383-2016,35.30066212,126.9761899
1257,초등학교,담양군,만덕초등학교,http://manduk.es.jne.kr,57380,공립,본교,전라남도 담양군 대덕면 창평현로 905 (대덕면),061-382-1414,061-383-9173,35.24933318,127.0356311
1256,초등학교,담양군,무정초등학교,http://mujeong.es.jne.kr,57359,공립,본교,"전라남도 담양군 무정면 수문동길 26-11 (무정면,무정병설유치원)",061-382-2024,061-383-1605,35.29084756,127.0403368
1255,초등학교,담양군,봉산초등학교,http://bongsan6.es.jne.kr,57367,공립,본교,전라남도 담양군 봉산면 신학길 34-11 (봉산면),061-382-6080,061-382-4860,35.27716072,126.9570891
1254,초등학교,담양군,수북초등학교,http://subuk.es.jne.kr,57318,공립,본교,전라남도 담양군 수북면 추성1로 714 (수북면),061-382-7014,061-383-1964,35.30119952,126.9301525
1253,초등학교,곡성군,곡성중앙초등학교,http://gsjungang.es.jne.kr,57533,공립,본교,전라남도 곡성군 곡성읍 학교로 103 (곡성읍),061-363-1815,061-362-0772,35.28496872,127.2915489
1252,초등학교,곡성군,삼기초등학교,http://gs-samgi.es.jne.kr,57521,공립,본교,"전라남도 곡성군 삼기면 곡순로 1462 , 삼기초등학교 (삼기면)",061-362-2078,061-362-2018,35.23677671,127.2092096
1251,초등학교,곡성군,석곡초등학교,http://seokgok.es.jne.kr,57560,공립,본교,전라남도 곡성군 석곡면 석곡로 91 (석곡면),061-360-6500,061-362-3600,35.13538333,127.2536339
1250,초등학교,곡성군,오산초등학교,http://Osan7.es.jne.kr,57518,공립,본교,전라남도 곡성군 오산면 오산로 616 (오산면),061-363-1019,061-362-4042,35.23901695,127.1210521
1249,초등학교,곡성군,옥과초등학교,http://okgwa.es.jne.kr,57502,공립,본교,"전라남도 곡성군 옥과면 대학로 213 , 옥과초등학교",061-362-5983,061-362-6080,35.27757715,127.1435059
1248,초등학교,곡성군,입면초등학교,http://ipmyeon.es.jne.kr,57509,공립,본교,"전라남도 곡성군 입면 송전로 27 , 입면초등학교",061-363-1751,061-362-6071,35.30660481,127.1852564
1247,초등학교,곡성군,죽곡초등학교,http://jukgok.es.jne.kr,57549,공립,본교,"전라남도 곡성군 죽곡면 오죽로 43 , 죽곡초등학교",061-362-4523,061-362-4512,35.1527471,127.3178503
1243,초등학교,광양시,골약초등학교,http://golyak.es.jne.kr,57769,공립,본교,"전라남도 광양시 하포길 70-7 (황길동,골약초등학교)",061-794-6784,061-794-6781,34.91051106,127.660961
1242,초등학교,광양시,광양가야초등학교,http://gygaya.es.jne.kr,57719,공립,본교,"전라남도 광양시 가야로 369 (광영동,가야초등학교)",061-793-2319,061-792-6103,34.96704796,127.7127292
1241,초등학교,광양시,광양덕례초등학교,http://gyduk.es.jne.kr,57761,공립,본교,"전라남도 광양시 광양읍 서산길 77 (광양읍,덕례초등학교)",061-763-8027,061-763-8029,34.96877385,127.5702944
1240,초등학교,광양시,광양동초등학교,http://gydong.es.jne.kr,57752,공립,본교,전라남도 광양시 광양읍 읍성길 61 광양동초등학교,061-761-0053,061-762-6337,34.97116524,127.5867452
1239,초등학교,광양시,광양마동초등학교,http://gymadong.es.jne.kr,57773,공립,본교,"전라남도 광양시 진등6길 14 (마동,광양마동초등학교)",061-791-1863,061-791-1865,34.95549527,127.6891258
1238,초등학교,광양시,광양마로초등학교,http://gynam.es.jne.kr,57747,공립,본교,"전라남도 광양시 광양읍 제철로 59 (광양읍, 광양마로초등학교)",061-760-1800,061-762-1770,34.96025618,127.6063315
1237,초등학교,광양시,광양백운초등학교,http://baegun.es.jne.kr,57789,공립,본교,"전라남도 광양시 광장로 21 (중동,백운초등학교)",061-795-2100,061-795-2105,34.93736935,127.6918726
1236,초등학교,광양시,광양북초등학교,http://gybuk.es.jne.kr,57745,공립,본교,"전라남도 광양시 광양읍 유당로 60-1 (광양읍,광양북초등학교)",061-762-6635,061-762-6625,34.97691745,127.5938606
1235,초등학교,광양시,광양서초등학교,http://gyseo.es.jne.kr,57753,공립,본교,"전라남도 광양시 광양읍 숲샘길 29 (광양읍,광양서초등학교)",061-762-3072,061-762-3564,34.97200404,127.5832689
1234,초등학교,광양시,광양용강초등학교,http://yongkang.es.jne.kr,57746,공립,본교,"전라남도 광양시 광양읍 용강1길 40 (광양읍,광양용강초등학교)",061-760-6203,061-762-8650,34.97577144,127.6104757
1233,초등학교,구례군,중동초등학교,http://gr-jungdong.es.jne.kr,57604,공립,본교,"전라남도 구례군 산동면 관산구산길 49 (산동면,중동초등학교)",061-783-0180,061-783-3879,35.31854382,127.4658315
1232,초등학교,구례군,청천초등학교,http://chengchen.es.jne.kr,57617,공립,본교,"전라남도 구례군 마산면 화엄사로 136 (마산면,청천초등학교)",061-782-4014,061-782-4180,35.22136656,127.4875815
1231,초등학교,구례군,토지초등학교,http://toji.es.jne.kr,57624,공립,본교,"전라남도 구례군 토지면 섬진강대로 5028 , 토지초등학교 (토지면,주택)",061-781-5949,061-781-2888,35.19641207,127.5275682
1230,초등학교,구례군,토지초등학교연곡분교장,http://toji.es.jne.kr,57622,공립,분교,"전라남도 구례군 토지면 남산길 18 (토지면,토지초등학교연곡분교장)",061-782-6124,061-782-6332,35.24737844,127.590539
1224,초등학교,나주시,공산초등학교,http://nj-gongsan.es.jne.kr,58290,공립,본교,"전라남도 나주시 공산면 공산로 85 (공산면,공산초등학교)",061-335-3883,061-335-8513,34.94158386,126.6135047
1223,초등학교,나주시,금천초등학교,http://njgeumchun.es.jne.kr,58215,공립,본교,"전라남도 나주시 금천면 금영로 960 (금천면,금천초등학교)",061-331-7637,061-331-6049,35.03431013,126.7546349
1222,초등학교,나주시,나주북초등학교,http://najubuk.es.jne.kr,58243,공립,본교,"전라남도 나주시 청암길 47-23 (청동,나주북초등학교)",061-333-5936,061-332-9177,35.04811957,126.7277706
1221,초등학교,나주시,나주중앙초등학교,http://njjungang.es.jne.kr,58251,공립,본교,"전라남도 나주시 대호길 24 (성북동,나주중앙초등학교)",061-333-2181,061-333-3676,35.03907804,126.718748
1220,초등학교,나주시,나주초등학교,http://naju.es.jne.kr,58260,공립,본교,"전라남도 나주시 남외1길 16 , 나주초등학교",061-333-6352,061-333-7660,35.02776078,126.7189183
1219,초등학교,나주시,남평초등학교,http://nampyeong.es.jne.kr,58227,공립,본교,"전라남도 나주시 남평읍 지석로 95 (남평읍,남평초등학교)",061-331-2134,061-331-8617,35.04294669,126.8450951
1218,초등학교,나주시,노안남초등학교,http://noannam.es.jne.kr,58208,공립,본교,"전라남도 나주시 노안면 만호길 20-11 (노안면,노안남초등학교)",061-335-6840,061-335-5830,35.06766837,126.7512067
1217,초등학교,나주시,노안초등학교,http://najunoan.es.jne.kr,58205,공립,본교,"전라남도 나주시 노안면 노안로 165 (노안면,노안초등학교)",061-335-9003,061-335-6487,35.08058696,126.7183118
1216,초등학교,나주시,다도초등학교,http://najudado.es.jne.kr,58319,공립,본교,"전라남도 나주시 다도면 다도로 636 (다도면,다도초등학교)",061-337-1184,061-337-3062,34.95792122,126.8265111
1215,초등학교,나주시,다시초등학교,http://najudasi.es.jne.kr,58203,공립,본교,"전라남도 나주시 다시면 다시로 203 (다시면,다시초등학교)",061-335-4214,061-335-7703,35.01775979,126.639999
1214,초등학교,나주시,동강초등학교,http://donggang.es.jne.kr,58292,공립,본교,"전라남도 나주시 동강면 동강로 595 (동강면,동강초등학교)",061-335-2052,061-335-7262,34.93845086,126.5645381
1213,초등학교,담양군,용면초등학교,http://yongmyeon.es.jne.kr,57302,공립,본교,전라남도 담양군 용면 추성2길 70 (용면),061-382-2514,061-383-9249,35.36351227,126.9900443
1212,초등학교,담양군,월산초등학교,http://wolsan.es.jne.kr,57312,공립,본교,전라남도 담양군 월산면 도개길 180 (월산면),061-382-4115,061-382-4114,35.34069529,126.9505435
1211,초등학교,담양군,창평초등학교,http://changpyeong.es.jne.kr,57389,공립,본교,"전라남도 담양군 창평면 의병로 , 173 (창평면)",061-382-8014,061-381-0470,35.24075254,127.0187431
1210,초등학교,담양군,한재초등학교,http://hanjae.es.jne.kr,57328,공립,본교,전라남도 담양군 대전면 추성1로 217 (대전면),061-383-1858,061-382-0483,35.27853094,126.8892565
1209,초등학교,고흥군,금산초등학교,http://gh-geumsan.es.jne.kr,59564,공립,본교,"전라남도 고흥군 금산면 상하촌길 17-8 (금산면,관사)",061-842-0025,061-843-9120,34.46167697,127.1288827
1208,초등학교,고흥군,남양초등학교,http://gh-namyang.es.jne.kr,59509,공립,본교,"전라남도 고흥군 남양면 상와길 40 (남양면,관사)",061-833-9173,061-833-9176,34.72892137,127.35463
1207,초등학교,고흥군,남양초등학교우도분교장,http://gh-namyang.es.jne.kr,59509,공립,분교,"전라남도 고흥군 남양면 우도길 18 (남양면,관사)",061-833-1494,061-834-1494,34.72249125,127.3143606
1206,초등학교,고흥군,녹동초등학교,http://nokdong.es.jne.kr,59555,공립,본교,"전라남도 고흥군 도양읍 천마로 83 , 녹동초등학교",061-844-9042,061-844-3800,34.52957715,127.1398098
1205,초등학교,고흥군,녹동초등학교소록도분교장,http://nokdong.es.jne.kr,59562,공립,분교,"전라남도 고흥군 도양읍 소록선창길 89-66 (도양읍,녹동초등학교소록분교 교실)",061-844-9042,061-844-3800,34.5163923,127.1318768
1204,초등학교,고흥군,녹동초등학교시산분교장,http://nokdong.es.jne.kr,59563,공립,분교,"전라남도 고흥군 도양읍 시산석금길 30 (도양읍,교실)",061-844-9042,061-844-3800,34.39513849,127.25837
1203,초등학교,고흥군,대서초등학교,http://gh-daeseo.es.jne.kr,59507,공립,본교,"전라남도 고흥군 대서면 동서로 466 (대서면,관사)",061-833-9680,061-832-2374,34.77255874,127.2838535
1202,초등학교,고흥군,도덕초등학교,http://gh-dodeok.es.jne.kr,59546,공립,본교,"전라남도 고흥군 도덕면 학동1길 16 (도덕면,관사)",061-843-0115,061-842-0966,34.56727135,127.174099
1201,초등학교,고흥군,도화초등학교,http://dowha.es.jne.kr,59529,공립,본교,전라남도 고흥군 도화면 오치길 43-4 (도화면),061-832-6983,061-832-6925,34.51119136,127.318461
1200,초등학교,고흥군,동강초등학교,http://donggang9.es.jne.kr,59502,공립,본교,전라남도 고흥군 동강면 원유둔1길 19 동강초등학교,061-833-2070,061-835-9310,34.93845086,126.5645381
1199,초등학교,고흥군,두원초등학교,http://duwon.es.jne.kr,59514,공립,본교,"전라남도 고흥군 두원면 두원로 476-29 (두원면,단독주택)",061-835-8085,061-835-9882,34.64741647,127.2758084
1198,초등학교,고흥군,백양초등학교,http://ghby.es.jne.kr,59567,공립,본교,"전라남도 고흥군 동일면 우주로 2610 , 백양초등학교",061-835-6869,061-833-4791,34.50385128,127.4662566
1197,초등학교,고흥군,봉래초등학교,http://bongnae.es.jne.kr,59569,공립,본교,"전라남도 고흥군 봉래면 신금길 7 봉래초등학교 (봉래면,봉래초등학교)",061-833-6156,061-835-6055,34.46915761,127.4659156
1196,초등학교,고흥군,영남초등학교,http://yeongnam.es.jne.kr,59520,공립,본교,"전라남도 고흥군 영남면 팔영로 1075 (영남면,초등학교)",061-832-8837,061-833-8320,34.60371903,127.4550226
1195,초등학교,고흥군,점암초등학교,http://jeomam.es.jne.kr,59517,공립,본교,"전라남도 고흥군 점암면 점암학교길 11-6 , 점암초등학교 (점암면,관리소)",061-832-8167,061-832-8233,34.65221175,127.3816043
1187,초등학교,목포시,광주교육대학교목포부설초등학교,http://mpbs.es.jne.kr,58645,국립,본교,"전라남도 목포시 안태길 13 (용해동,목포부설초등학교)",061-279-2871,061-277-2836,34.68041627,127.3575876
1186,초등학교,목포시,목포남초등학교,http://mokponam.es.jne.kr,58741,공립,본교,"전라남도 목포시 산정로21번길 22 (호남동,목포남초등학교)",061-244-2903,061-242-8790,34.79170854,126.3915832
1185,초등학교,목포시,목포대성초등학교,http://mokpodaesung.es.jne.kr,58718,공립,본교,"전라남도 목포시 청호로 79 (대성동,대성초등학교)",061-245-4902,061-245-4906,34.79966422,126.3797886
1184,초등학교,목포시,목포대연초등학교,http://mokpodaeyeun.es.jne.kr,58609,공립,본교,전라남도 목포시 용당로 374 목포대연초등학교,061-278-7041,061-274-3421,34.82081808,126.3991823
1183,초등학교,목포시,목포동초등학교,http://mokpodong.es.jne.kr,58648,공립,본교,"전라남도 목포시 산정로 245 (산정동,목포동초등학교)",061-278-4095,061-278-5982,34.81004843,126.3876496
1182,초등학교,목포시,목포미항초등학교,http://mokpomihang.es.jne.kr,58746,공립,본교,"전라남도 목포시 미항로 211 (옥암동,목포미항초등학교)",061-287-3903,061-287-3907,34.80130185,126.4393895
1181,초등학교,목포시,목포부영초등학교,http://mokpobuyeong.es.jne.kr,58687,공립,본교,"전라남도 목포시 통일대로75번길 24 , 부영초등학교 (옥암동)",061-283-0073,061-283-2370,34.8031124,126.4340531
1180,초등학교,목포시,목포북교초등학교,http://mokpobukkyo.es.jne.kr,58725,공립,본교,"전라남도 목포시 수문로 83 (북교동,북교초등학교)",061-245-2907,061-244-0196,34.79579916,126.3776933
1179,초등학교,목포시,목포산정초등학교,http://mpsanjeong.es.jne.kr,58654,공립,본교,"전라남도 목포시 산대로 26 (산정동,목포산정초등학교)",061-272-8003,061-272-1389,34.80144813,126.3903227
1178,초등학교,목포시,목포삼학초등학교,http://mokposamhak.es.jne.kr,58738,공립,본교,"전라남도 목포시 남해로39번길 8 , 목포삼학초등학교 (산정동)",061-243-2337,061-244-8535,34.79100802,126.4008233
1177,초등학교,목포시,목포상동초등학교,http://mokposangdong.es.jne.kr,58641,공립,본교,"전라남도 목포시 상동로21번길 73 (상동,목포상동초등학교)",061-279-4009,061-279-0049,34.81398741,126.4113723
1176,초등학교,목포시,목포서부초등학교,http://mokposeobu.es.jne.kr,58714,공립,본교,"전라남도 목포시 원산로 27 (산정동,목포서부초등학교)",061-244-0157,061-243-1448,34.80360556,126.37214
1175,초등학교,보성군,벌교초등학교,http://beolgyo.es.jne.kr,59428,공립,본교,"전라남도 보성군 벌교읍 태백산맥길 21 , 벌교초등학교 (벌교읍,관사)",061-858-0351,061-858-0352,34.84399408,127.3424575
1174,초등학교,보성군,벌교초등학교장도분교장,http://beolgyo.es.jne.kr,59421,공립,분교,"전라남도 보성군 벌교읍 장도길 204-6 , 벌교초등학교장도분교 (벌교읍,관사)",061-858-0351,061-858-0352,34.79100104,127.4560576
1173,초등학교,보성군,보성남초등학교,http://boseongnam.es.jne.kr,59455,공립,본교,전라남도 보성군 보성읍 새싹길 12 .,061-853-5249,061-852-0667,34.77008441,127.0784245
1172,초등학교,보성군,보성초등학교,http://boseong10.es.jne.kr,59455,공립,본교,"전라남도 보성군 보성읍 송재로 161-8 (보성읍,관사)",061-850-6300,061-853-1287,34.77187668,127.0780286
1171,초등학교,보성군,복내초등학교,http://boknae.es.jne.kr,59405,공립,본교,"전라남도 보성군 복내면 원봉길 5 , 복내초등학교",061-853-3246,061-853-4807,34.89871985,127.1282093
1170,초등학교,보성군,예당초등학교,http://yedang.es.jne.kr,59436,공립,본교,전라남도 보성군 득량면 예당초교길 3 예당초등학교,061-853-7017,061-853-4903,34.7794896,127.1955503
1169,초등학교,보성군,율어초등학교,http://yuleo.es.jne.kr,59407,공립,본교,"전라남도 보성군 율어면 율어로 569-14 , 율어초등학교",061-853-5255,061-853-7403,34.87246169,127.1857603
1168,초등학교,보성군,조성남초등학교,http://joseongnam.es.jne.kr,59435,공립,본교,"전라남도 보성군 조성면 산정길 2 , 조성남초등학교 (조성면,관사)",061-853-7105,061-853-7106,34.78998166,127.2150242
1167,초등학교,보성군,조성초등학교,http://joseong.es.jne.kr,59440,공립,본교,"전라남도 보성군 조성면 조성로 129-7 , 조성초등학교",061-857-8022,061-857-6802,34.81022816,127.2486641
1166,초등학교,보성군,회천서초등학교,http://hoechonseo.es.jne.kr,59473,공립,본교,"전라남도 보성군 회천면 시장길 12 (회천면,관사)",061-852-8144,061-852-8132,34.67097984,127.0631388
1165,초등학교,보성군,회천초등학교,http://hoecheon.es.jne.kr,59471,공립,본교,"전라남도 보성군 회천면 남부관광로 2343 ,(회천면,회천초등학교)",061-852-7694,061-853-2673,34.67280182,127.0850714
1144,초등학교,순천시,순천풍덕초등학교,http://pungdeok.es.jne.kr,58001,공립,본교,전라남도 순천시 팔마1길 9-10 순천풍덕초등학교 (연향동),061-724-1370,061-727-6114,34.93361085,127.5125223
1143,초등학교,순천시,순천향림초등학교,http://hlkids.es.jne.kr,57922,공립,본교,"전라남도 순천시 석현북길 21 (석현동,향림초등학교)",061-753-0671,061-753-0674,34.97363693,127.4740368
1142,초등학교,순천시,승주초등학교,http://seungju.es.jne.kr,57908,공립,본교,"전라남도 순천시 승주읍 승주로 639 (승주읍,승주초등학교)",061-754-5002,061-751-9139,35.01722239,127.380163
1141,초등학교,순천시,승주초등학교죽학분교장,http://seungju.es.jne.kr,57909,공립,분교,"전라남도 순천시 승주읍 선암사길 280 (승주읍,승주초등학교죽학분교장)",061-754-6131,061-754-8150,34.99101391,127.3625038
1140,초등학교,순천시,외서초등학교,http://sc-oeseo.es.jne.kr,57915,공립,본교,"전라남도 순천시 외서면 반월로 6 (외서면,외서초등학교)",061-755-3058,061-755-0733,34.91607038,127.2739419
1139,초등학교,순천시,월등초등학교,http://woldeung.es.jne.kr,57902,공립,본교,"전라남도 순천시 월등면 월평2길 21 (월등면,월등초등학교)",061-754-1104,061-754-1041,35.09273178,127.3778724
1138,초등학교,순천시,좌야초등학교,http://jwaya.es.jne.kr,58013,공립,본교,전라남도 순천시 해룡면 좌야로 77-9,061-804-8470,061-721-1063,34.93048459,127.5448998
1137,초등학교,순천시,주암초등학교,http://juam.es.jne.kr,57911,공립,본교,"전라남도 순천시 주암면 동주로 2093 (주암면,관사)",061-754-1514,061-755-2397,35.07682306,127.2396504
1136,초등학교,순천시,창촌초등학교,http://changchoncho.es.jne.kr,57911,공립,본교,"전라남도 순천시 주암면 창동주암길 3 (주암면,창촌초등학교)",061-755-4587,061-754-7722,35.0604064,127.2772997
1135,초등학교,순천시,팔마초등학교,http://palma.es.jne.kr,57974,공립,본교,"전라남도 순천시 해룡면 장선배기길 113 (해룡면,팔마초등학교)",061-724-2494,061-724-2490,34.95013068,127.5311396
1134,초등학교,순천시,해룡초등학교,http://hrong.es.jne.kr,58019,공립,본교,"전라남도 순천시 해룡면 해룡로 1119 , 해룡초등학교",061-724-2541,061-724-4717,34.91266099,127.5355027
1133,초등학교,순천시,황전초등학교,http://hwangjeon.es.jne.kr,57901,공립,본교,전라남도 순천시 황전면 수평길 21 (황전면),061-754-0014,061-754-9082,35.10108091,127.4301348
1132,초등학교,순천시,황전초등학교회덕분교장,http://hwangjeones.es.jne.kr/,57901,공립,분교,"전라남도 순천시 황전면 삽재팔동길 377 (황전면,황전초등학교회덕분교장)",061-755-7002,061-755-4963,35.10847737,127.4957753
1124,초등학교,진도군,진도서초등학교,http://jindoseo.es.jne.kr,58931,공립,본교,"전라남도 진도군 진도읍 신흥정자로 25 (진도읍,진도서초등학교)",061-544-9201,061-544-9204,34.49834381,126.2402363
1123,초등학교,진도군,진도서초등학교가사도분교장,http://jindoseo.es.jne.kr,58953,공립,분교,"전라남도 진도군 조도면 가사도궁항길 148-18 , 진도서초등학교가사도분교장",061-542-5665,061-542-5664,34.47679029,126.0590737
1122,초등학교,진도군,진도초등학교,http://jindo.es.jne.kr,58915,공립,본교,"전라남도 진도군 진도읍 성내길 9 (진도읍,진도초등학교)",061-544-2019,061-544-3047,34.48662235,126.2651202
1114,초등학교,함평군,기산초등학교,http://gisan.es.jne.kr,57147,공립,본교,"전라남도 함평군 함평읍 기산길 63 (함평읍,기산초등학교)",061-322-2568,061-324-2694,35.06782252,126.5167407
1113,초등학교,함평군,나산초등학교,http://ns.es.jne.kr,57129,공립,본교,"전라남도 함평군 나산면 함장로 2441-8 (나산면,나산초등학교)",061-322-8008,061-323-3341,35.11684944,126.6065269
1112,초등학교,함평군,대동향교초등학교,http://ddhyanggyo.es.jne.kr,57145,공립,본교,전라남도 함평군 대동면 대동길 6-9 대동향교초등학교,061-322-2792,061-322-2793,35.06760771,126.5327702
1111,초등학교,함평군,손불서초등학교,http://sbs.es.jne.kr,57101,공립,본교,"전라남도 함평군 손불면 양재길 15 (손불면,손불서초등학교)",061-324-4247,061-324-4256,35.15634107,126.4067744
1110,초등학교,함평군,손불초등학교,http://sonbul.es.jne.kr,57110,공립,본교,"전라남도 함평군 손불면 손불중앙길 121 (손불면,손불초등학교)",061-322-4014,061-322-4044,35.14572285,126.4338246
1109,초등학교,함평군,신광초등학교,http://sing.es.jne.kr,57107,공립,본교,전라남도 함평군 신광면 신광중앙길 118 신광초등학교,061-322-5006,061-322-5039,35.15741575,126.4994896
1108,초등학교,함평군,엄다초등학교,http://eomda.es.jne.kr,57164,공립,본교,"전라남도 함평군 엄다면 엄다길 35 (엄다면,엄다초등학교)",061-322-7005,061-323-7005,35.01154318,126.5136275
1107,초등학교,함평군,월야초등학교,http://wy.es.jne.kr,57124,공립,본교,"전라남도 함평군 월야면 금석길 95 (월야면,월야초등학교)",061-322-2895,061-322-2894,35.17695272,126.6320751
1072,초등학교,신안군,가거도초등학교,http://gageodo.es.jne.kr,58866,공립,본교,"전라남도 신안군 흑산면 가거도길 18-31 , 가거도초등학교 (흑산면)",061-246-3490,061-246-4423,34.05255272,125.1302535
1071,초등학교,신안군,도초초등학교,http://docho.es.jne.kr,58851,공립,본교,"전라남도 신안군 도초면 서남문로 1698 (도초면,도초초등학교)",061-275-2177,061-275-2727,34.69022736,125.9626273
1070,초등학교,신안군,비금동초등학교,http://bidong.es.jne.kr,58843,공립,본교,"전라남도 신안군 비금면 용소길 181-6 (비금면,비금동초등학교)",061-275-6044,061-275-5040,34.7846813,125.9798266
1069,초등학교,신안군,비금초등학교,http://sa-bigeum.es.jne.kr,58846,공립,본교,전라남도 신안군 비금면 신원리 93,061-275-1952,061-275-9872,34.76042859,125.9210024
1068,초등학교,신안군,신의초등학교,http://sinngui.es.jne.kr,58857,공립,본교,"전라남도 신안군 신의면 신의로 , 710-57 (신의면)",061-271-6764,061-271-7006,34.58338389,126.0958194
1067,초등학교,신안군,안좌초등학교,http://anjwa.es.jne.kr,58839,공립,본교,전라남도 신안군 안좌면 김환기길 6,061-261-4010,061-262-4243,34.75452971,126.1239609
1066,초등학교,함평군,학다리중앙초등학교,http://hja.es.jne.kr,57162,공립,본교,"전라남도 함평군 학교면 백학길 100 (학교면,학다리중앙초등학교)",061-322-6041,061-323-1317,35.01412047,126.5365017
1065,초등학교,함평군,함평초등학교,http://hp.es.jne.kr,57156,공립,본교,"전라남도 함평군 함평읍 내대화길 77 , 함평초등학교 (함평읍,함평초등학교)",061-322-2613,061-322-2601,35.06217228,126.5121128
1064,초등학교,함평군,해보초등학교,http://haebo.es.jne.kr,57117,공립,본교,전라남도 함평군 해보면 해삼로 313 해보초등학교 (해보면),061-323-0010,061-323-8303,35.17740325,126.6034645
1057,초등학교,해남군,계곡초등학교,http://geagog.es.jne.kr,59018,공립,본교,"전라남도 해남군 계곡면 성진길 6-37 (계곡면,계곡초등학교)",061-534-9101,061-532-5881,34.64623412,126.6574764
1056,초등학교,해남군,마산초등학교,http://hmasan.es.jne.kr,59020,공립,본교,"전라남도 해남군 마산면 은적사길 13 (마산면,마산초등학교)",061-532-5391,061-532-4966,34.61914077,126.5729163
1055,초등학교,해남군,마산초등학교용전분교장,http://hmasan.es.jne.kr,59016,공립,분교,"전라남도 해남군 마산면 산이로 117-69 (마산면,마산초등학교)",061-533-8204,061-534-7144,34.59630663,126.5452402
1054,초등학교,해남군,북일초등학교,http://bugil.es.jne.kr,59051,공립,본교,"전라남도 해남군 북일면 백도로 849 (북일면,북일초등학교)",061-533-0063,061-532-0434,34.46739334,126.6767422
1053,초등학교,해남군,북평초등학교,http://bukpyeong.es.jne.kr,59055,공립,본교,"전남 해남군 북평면 볼무당길 40 (북평면,북평초등학교)",061-534-8178,061-533-7951,34.40811428,126.6312195
1052,초등학교,해남군,산이서초등학교,http://sanyiseo.es.jne.kr,59014,공립,본교,"전라남도 해남군 산이면 산이로 1736 (산이면, 산이서초등학교)",061-532-4269,061-535-0176,34.67684536,126.4108822
1051,초등학교,해남군,산이초등학교,http://sani.es.jne.kr,59011,공립,본교,"전라남도 해남군 산이면 비석길 95-2 (산이면,산이초등학교)",061-535-3750,061-535-3751,34.64388565,126.4478025
1050,초등학교,해남군,삼산초등학교,http://hsamsan.es.jne.kr,59047,공립,본교,"전라남도 해남군 삼산면 고산로 586 (삼산면,삼산초등학교)",061-534-6287,061-534-5622,34.51553988,126.6071973
1031,초등학교,신안군,안좌초등학교자라분교장,http://anjwa.es.jne.kr,58842,공립,분교,"전라남도 신안군 안좌면 자라도길 37 (안좌면,안좌초등학교자라분교)",061-262-4010,061-261-4243,34.68834793,126.1700511
1030,초등학교,신안군,암태초등학교,http://amtae.es.jne.kr,58836,공립,본교,"전라남도 신안군 암태면 장단고길 56 (암태면,암태초등학교)",061-271-1540,061-271-1836,34.82929773,126.1076693
1029,초등학교,신안군,압해동초등학교,http://aphaedong.es.jne.kr,58827,공립,본교,"전라남도 신안군 압해읍 압해로 378-6 (압해읍,압해동초등학교)",061-271-0704,061-271-7410,34.84124787,126.3549563
1028,초등학교,신안군,압해서초등학교,http://ahseo.es.jne.kr,58823,공립,본교,전라남도 신안군 압해읍 압해로 1336-2 (압해읍),061-271-4975,061-271-2484,34.8629935,126.2738481
1027,초등학교,신안군,압해초등학교,http://aphae.es.jne.kr,58824,공립,본교,전라남도 신안군 압해읍 복룡로 33-8 (압해읍),061-271-0430,061-271-0435,34.86781857,126.3092749
1026,초등학교,신안군,임자남초등학교,http://imjanam.es.jne.kr,58803,공립,본교,"전라남도 신안군 임자면 장동길 86 (임자면,임자남초등학교)",061-262-7500,061-261-9875,35.08424106,126.0770195
1025,초등학교,신안군,임자초등학교,http://imja.es.jne.kr,58802,공립,본교,"전남 신안군 임자면 임자로 216-4 (임자면,임자초등학교)",061-275-6082,061-275-7267,35.0902559,126.1016557
1024,초등학교,신안군,자은초등학교,http://sa-jaeun.es.jne.kr,58829,공립,본교,전라남도 신안군 자은면 구영1길 44-36 자은초등학교,061-271-8040,061-271-8452,34.89073137,126.0468919
1023,초등학교,신안군,장산초등학교,http://jangsan.es.jne.kr,58860,공립,본교,"전라남도 신안군 장산면 장산로 277 , 장산초등학교 (장산면)",061-271-2546,061-271-5161,34.63815964,126.1442066
1022,초등학교,신안군,증도초등학교,http://jeungdo.es.jne.kr,58807,공립,본교,"전라남도 신안군 증도면 문준경길 , 218 (증도면,증도초등학교)",061-271-7506,061-271-7313,35.00214012,126.137314
1021,초등학교,신안군,증도초등학교소악분교장,http://jeungdo.es.jne.kr,58809,공립,분교,"전라남도 신안군 증도면 소악길 87 (증도면,증도초등학교소악분교장)",061-271-7506,061-271-7313,34.92385545,126.1956066
1020,초등학교,신안군,지도초등학교,http://jido.es.jne.kr,58813,공립,본교,"전라남도 신안군 지도읍 서촌길 52-1 (지도읍,지도초등학교)",061-275-0180,061-275-9568,35.06374246,126.2071856
1019,초등학교,신안군,팔금초등학교,http://palgeum.es.jne.kr,58838,공립,본교,"전라남도 신안군 팔금면 삼층석탑길 173 (팔금면,팔금초등학교)",061-271-7414,061-271-6742,34.78652534,126.144779
1018,초등학교,해남군,서정초등학교,http://seojung.es.jne.kr,59061,공립,본교,"전라남도 해남군 송지면 달마로 524 (송지면, 서정초등학교)",061-533-2143,061-533-7949,34.38936175,126.5607117
1017,초등학교,해남군,송지초등학교,http://songji.es.jne.kr,59063,공립,본교,"전라남도 해남군 송지면 산정1길 101 (송지면,송지초등학교)",061-535-1132,061-533-2193,34.36914396,126.5204408
1016,초등학교,해남군,송호초등학교,http://hn-songho.es.jne.kr,59065,공립,본교,"전라남도 해남군 송지면 송호길 5 (송지면,송호초등학교)",061-533-2368,061-535-1534,34.31678657,126.5185875
1015,초등학교,해남군,어란진초등학교,http://eoranjin.es.jne.kr,59063,공립,본교,"전라남도 해남군 송지면 어란로 441 (송지면,어란진초등학교)",061-533-6722,061-533-9584,34.35181773,126.4772672
1014,초등학교,해남군,어란진초등학교어불분교장,http://eoranjin.es.jne.kr,59063,공립,분교,"전라남도 해남군 송지면 어불길 50-7 (송지면,어란진초등학교어불분교장)",061-532-2004,061-533-9584,34.33800072,126.47238
1013,초등학교,해남군,옥천초등학교,http://okcheon.es.jne.kr,59021,공립,본교,"전라남도 해남군 옥천면 해강로 19 (옥천면,옥천초등학교)",061-532-5602,061-532-5603,34.56810275,126.6491141
1012,초등학교,해남군,우수영초등학교,http://usuyeong.es.jne.kr,59003,공립,본교,"전라남도 해남군 동영길 117 , 우수영초등학교",061-530-2492,061-532-2213,34.60385064,126.3127369
1011,초등학교,해남군,해남동초등학교,http://hn-dong.es.jne.kr,59037,공립,본교,"전라남도 해남군 해남읍 중앙1로 45 (해남읍,해남동초등학교)",061-534-4200,061-534-4059,34.57008057,126.6048835
1010,초등학교,해남군,해남서초등학교,http://heanamseo.es.jne.kr,59029,공립,본교,"전라남도 해남군 해남읍 중앙1로 182 (해남읍,해남서초등학교)",061-535-3353,061-536-8854,34.57232662,126.597057
1009,초등학교,해남군,현산남초등학교,http://hsnam.es.jne.kr,59060,공립,본교,"전라남도 해남군 현산면 입제길 40 (현산면,현산남초등학교)",061-536-7564,061-536-4280,34.42855246,126.5851414
1008,초등학교,해남군,현산초등학교,http://hyeonsan.es.jne.kr,59058,공립,본교,"전라남도 해남군 현산면 현산북평로 , 98",061-533-7936,061-534-7883,34.45921369,126.552667
1007,초등학교,해남군,화산초등학교,http://hwasan.es.jne.kr,59049,공립,본교,전라남도 해남군 화산면 화산초길 9 (화산면),061-532-6881,061-532-6883,34.49235769,126.5165443
1006,초등학교,해남군,화원초등학교,http://wha.es.jne.kr,59002,공립,본교,"전라남도 해남군 화원면 청용길 117 , 화원초등학교 (화원면,화원초등학교)",061-532-0172,061-535-2540,34.67317236,126.3334016
1005,초등학교,해남군,황산초등학교,http://hoangsan.es.jne.kr,59007,공립,본교,"전라남도 해남군 황산면 시등로 150 (황산면,황산초등학교)",061-533-2230,061-534-0649,34.57599526,126.4285304
980,초등학교,신안군,하의초등학교,http://haui.es.jne.kr,58856,공립,본교,"전라남도 신안군 하의면 안곰실길 33 (하의면,하의초등학교)",061-275-3800,061-275-4125,34.60036226,126.0359455
979,초등학교,신안군,흑산초등학교,http://heuksan.es.jne.kr,58863,공립,본교,전라남도 신안군 흑산면 진마을길 12-13 (흑산면),061-275-9058,061-275-3734,34.68443761,125.427644
978,초등학교,신안군,흑산초등학교영산분교장,http://heuksan.es.jne.kr,58863,공립,분교,전라남도 신안군 흑산면 영산길 19-18 (흑산면),061-275-9807,061-275-9806,34.65162993,125.4681437
977,초등학교,신안군,흑산초등학교장도분교장,http://heuksan.es.jne.kr,58863,공립,분교,"전라남도 신안군 흑산면 장도길 49-1 (흑산면,흑산초등학교장도분교장)",061-246-3082,061-246-3804,34.67873471,125.3779003
976,초등학교,신안군,흑산초등학교하태분교장,http://heuksan.es.jne.kr,58864,공립,분교,"전라남도 신안군 흑산면 장굴길 43-2 (흑산면,흑산초등학교하태분교장)",061-246-7778,061-246-7778,34.39101567,125.2988827
975,초등학교,신안군,흑산초등학교홍도분교장,http://heuksan.es.jne.kr,58862,공립,분교,전라남도 신안군 흑산면 홍도1길 53 (흑산면),061-246-3724,061-246-3182,34.68544949,125.1923174
974,초등학교,신안군,흑산초등학교흑산동분교장,http://heuksan.es.jne.kr,58863,공립,분교,전라남도 신안군 흑산면 수리 177,061-246-3702,061-246-4562,34.73153048,125.464771
973,초등학교,신안군,흑산초등학교흑산북분교장,http://heuksan.es.jne.kr,58863,공립,분교,"전라남도 신안군 흑산면 다물도길 101 (흑산면,흑산초등학교북분교)",061-246-2405,061-246-3226,34.73819666,125.4448901
955,초등학교,강진군,강진동초등학교,http://gjdong.es.jne.kr,59225,공립,본교,"전남 강진군 강진읍 중앙로 180 (강진읍,강진동초등학교)",061-430-5112,061-433-4423,34.64118416,126.7762163
954,초등학교,강진군,강진북초등학교,http://gangjinbuk.es.jne.kr,59245,공립,본교,전라남도 강진군 강진읍 지전로안길 83,061-430-1554,061-430-9337,34.64104382,126.7333221
953,초등학교,강진군,강진중앙초등학교,http://gjjung.es.jne.kr,59238,공립,본교,"전라남도 강진군 강진읍 중앙로 74 (강진읍,강진중앙초등학교)",061-433-6094,061-433-6096,34.63709932,126.7668391
952,초등학교,강진군,계산초등학교,http://geasan.es.jne.kr,59223,공립,본교,"전라남도 강진군 군동면 군동계산길 22 (군동면,계산초등학교)",061-434-1505,061-433-2554,34.64577726,126.7859204
951,초등학교,강진군,군동초등학교,http://gundong.es.jne.kr,59220,공립,본교,"전라남도 강진군 군동면 석교로 365 (군동면,군동초등학교)",061-432-9484,061-433-1617,34.64801203,126.8163997
950,초등학교,강진군,대구초등학교,http://daegu.es.jne.kr,59266,공립,본교,"전라남도 강진군 대구면 청자로 1888 (대구면,강진대구초등학교)",061-433-9553,061-433-9556,34.49270329,126.7978182
949,초등학교,강진군,도암초등학교,http://gj-doam.es.jne.kr,59250,공립,본교,"전라남도 강진군 도암면 봉황로 10 , 도암초등학교",061-432-0006,061-434-8865,34.55138732,126.7255069
948,초등학교,강진군,마량초등학교,http://maryang.es.jne.kr,59267,공립,본교,"전라남도 강진군 마량면 서중길 42 , 마량초등학교 (마량면,마량초교)",061-432-2071,061-432-2055,34.45626997,126.8113921
947,초등학교,강진군,병영초등학교,http://byeongyeong.es.jne.kr,59214,공립,본교,"전라남도 강진군 병영면 하멜로 385 (병영면,병영초등학교)",061-434-5363,061-434-5360,34.71457494,126.8125717
946,초등학교,강진군,성전초등학교,http://seongjeon.es.jne.kr,59203,공립,본교,"전라남도 강진군 성전면 예향로 17 (성전면,성전초등학교)",061-432-5006,061-433-0318,34.69368367,126.7066373
945,초등학교,강진군,신전초등학교,http://sinjeon.es.jne.kr,59252,공립,본교,"전라남도 강진군 신전면 백도로 1341 (신전면,신전초교)",061-432-0497,061-434-5837,34.50002562,126.709617
944,초등학교,강진군,옴천초등학교,http://omchen.es.jne.kr,59208,공립,본교,"전라남도 강진군 옴천면 개산중앙길 12-7 (옴천면,옴천초등학교)",061-434-7233,061-432-2479,34.74512346,126.7953575
943,초등학교,강진군,작천초등학교,http://jakchoen.es.jne.kr,59213,공립,본교,"전라남도 강진군 작천면 평리3길 1 (작천면,작천초등학교)",061-433-6850,061-434-5799,34.7034933,126.771639
942,초등학교,강진군,칠량초등학교,http://chillyang.es.jne.kr,59261,공립,본교,"전라남도 강진군 칠량면 영동1길 , 5번지 (칠량면)",061-434-7032,061-433-3017,34.57360378,126.8004299
932,초등학교,여수시,거문초등학교,http://ys-geomun.es.jne.kr,59790,공립,본교,"전라남도 여수시 삼산면 거문학교길 25 (삼산면,거문도초등학교)",061-666-8026,061-665-0048,34.02631071,127.3127881
931,초등학교,여수시,경호초등학교,http://gyeongho.es.jne.kr/,59766,공립,본교,"전라남도 여수시 대경도4길 48 (경호동,경호초등학교)",061-665-1207,061-665-0009,34.71697224,127.727934
930,초등학교,여수시,관기초등학교,http://gwangi.es.jne.kr,59656,공립,본교,"전라남도 여수시 소라면 관기길 20 (소라면,관기 초등학교)",061-691-2490,061-685-2419,34.74976979,127.6265961
929,초등학교,여수시,나진초등학교,http://najin.es.jne.kr,59779,공립,본교,"전라남도 여수시 화양면 나진1길 10 (화양면,나진초등학교)",061-682-6019,061-682-6426,34.70909219,127.6122168
928,초등학교,여수시,도원초등학교,http://dowon.es.jne.kr,59645,공립,본교,"전라남도 여수시 선원4길 38 (선원동,도원초등학교)",061-690-8700,061-685-7386,34.76485271,127.6505264
927,초등학교,여수시,돌산초등학교,http://dolsan.es.jne.kr,59777,공립,본교,"전라남도 여수시 돌산읍 돌산로 1184 (돌산읍,돌산 초등학교)",061-644-1392,061-644-0882,34.61744826,127.728778
926,초등학교,여수시,동백초등학교,http://ysdongbaek.es.jne.kr,59769,공립,본교,"전라남도 여수시 돌산읍 강남10길 27 (돌산읍,동백초등학교)",061-690-7005,061-644-7865,34.71753983,127.7531913
925,초등학교,여수시,무선초등학교,http://museon.es.jne.kr,59641,공립,본교,"전라남도 여수시 화산2길 31 (화장동,무선초등학교)",061-684-0463,061-684-5292,34.77232544,127.6460975
924,초등학교,여수시,백초초등학교,http://backcho.es.jne.kr,59767,공립,본교,전라남도 여수시 돌산읍 돌산로 3560-10 백초초등학교,061-644-7004,061-644-5141,34.72950278,127.7444561
923,초등학교,여수시,봉덕초등학교,http://bongdeok.es.jne.kr,59775,공립,본교,"전라남도 여수시 돌산읍 죽포1길 21-16 (돌산읍,봉덕 초등학교)",061-644-6721,061-644-6722,34.641843,127.7779798
922,초등학교,여수시,봉덕초등학교평사분교장,http://bongdeok.es.jne.kr,59772,공립,분교,"전라남도 여수시 돌산읍 평사로 572-9 (돌산읍,봉덕초등학교평사분교장)",061-644-3900,061-644-2347,34.66419623,127.7494616
921,초등학교,여수시,상암초등학교,http://ys-sangam.es.jne.kr,59619,공립,본교,"전라남도 여수시 상암로 625 (상암동,상암초등학교)",061-685-4484,061-686-4703,34.82621537,127.7312638
920,초등학교,화순군,능주초등학교,http://neungju.es.jne.kr,58153,공립,본교,"전라남도 화순군 능주면 학샘길 12 (능주면,능주초등학교)",061-372-4586,061-373-6519,34.98816522,126.9562766
919,초등학교,화순군,도곡중앙초등학교,http://dogokjung-ang.es.jne.kr,58154,공립,본교,"전라남도 화순군 도곡면 고인돌1로 115 (도곡면,도곡중앙초등학교)",061-372-4108,061-372-4124,34.98776887,126.910683
918,초등학교,화순군,도곡초등학교,http://hs-dogok.es.jne.kr,58148,공립,본교,"전라남도 화순군 도곡면 천암1길 71 (도곡면,도곡초등학교)",061-373-6021,061-373-6015,35.01354629,126.9078239
917,초등학교,화순군,동면초등학교,http://dongmyeon.es.jne.kr,58132,공립,본교,"전라남도 화순군 동면 충의로 789 (동면,동면초등학교)",061-372-8005,061-373-8411,35.03180372,127.0414453
916,초등학교,화순군,동복초등학교,http://dongbok.es.jne.kr,58102,공립,본교,"전라남도 화순군 동복면 오지호로 300 (동복면,동복초등학교)",061-372-2012,061-372-2303,35.07254339,127.1277438
915,초등학교,화순군,사평초등학교,http://sapyeong.es.jne.kr,58144,공립,본교,전라남도 화순군 남면 김삿갓로 3 (남면),061-373-9226,061-373-7686,35.00838334,127.0919512
914,초등학교,화순군,아산초등학교,http://asan.es.jne.kr,58101,공립,본교,"전남 화순군 북면 학천길 22-2 (북면,아산초등학교)",061-372-5092,061-372-5102,35.16837139,127.132495
913,초등학교,화순군,이양초등학교,http://iyang.es.jne.kr,58165,공립,본교,"전라남도 화순군 이양면 이양로 42 (이양면,이양초등학교)",061-372-2058,061-373-6662,34.88341632,126.9891137
912,초등학교,화순군,천태초등학교,http://cheontae.es.jne.kr,58158,공립,본교,"전라남도 화순군 도암면 천태로 526 , 전라남도 화순군 도암면 천태리 (도암면,천태초등학교)",061-373-1588,061-383-2966,34.94593718,126.8927576
911,초등학교,화순군,청풍초등학교,http://cped.es.jne.kr,58162,공립,본교,"전라남도 화순군 청풍면 평지촌길 54 (청풍면,청풍초등학교)",061-372-9544,061-372-9522,34.87555654,126.9701967
910,초등학교,화순군,춘양초등학교,http://choonyang.es.jne.kr,58157,공립,본교,"전남 화순군 춘양면 춘양로 124 (춘양면,춘양초등학교)",061-372-7040,061-373-7759,34.94903514,126.9590956
909,초등학교,화순군,한천초등학교,http://hs-hancheon.es.jne.kr,58147,공립,,화순군 한천면 청계길 26,061-373-0022,061-373-1600,34.97964232,127.00389
908,초등학교,화순군,화순만연초등학교,http://hsmy.es.jne.kr,58115,공립,본교,"전라남도 화순군 화순읍 알메로 72 (화순읍,화순만연초등학교)",061-375-3114,061-375-3115,35.06132176,126.9949397
907,초등학교,화순군,화순오성초등학교,http://jnosung.es.jne.kr,58109,공립,본교,"전라남도 화순군 화순읍 오성로 516 (화순읍,오성초등학교)",061-372-7413,061-372-7414,35.05203622,126.964867
902,초등학교,고흥군,고흥동초등학교,http://goheungdong.es.jne.kr,59537,공립,본교,"전라남도 고흥군 고흥읍 학교길 56 (고흥읍,고흥동초등학교)",061-830-2172,061-835-0154,34.60816791,127.2913564
901,초등학교,고흥군,과역초등학교,http://gwayeok.es.jne.kr,59511,공립,본교,"전라남도 고흥군 과역면 과역로 815 (과역면,과역초등학교)",061-833-9575,061-833-3477,34.68041627,127.3575876
900,초등학교,나주시,세지초등학교,http://najuseji.es.jne.kr,58318,공립,본교,"전라남도 나주시 세지면 동창로 111 (세지면,세지초등학교)",061-331-2951,061-331-0991,34.91939775,126.7474351
898,초등학교,여수시,상암초등학교묘도분교장,http://ys-sangam.es.jne.kr,59617,공립,분교,전남 여수시 묘도11길 5-1 (묘도동),061-685-3443,061-686-3082,34.89049236,127.7274133
897,초등학교,여수시,성산초등학교,http://yssungsan.es.jne.kr,59637,공립,본교,"전라남도 여수시 대통1길 13 (화장동,성산초등학교)",061-691-0841,061-691-0842,34.77694849,127.6405096
896,초등학교,여수시,소라초등학교,http://sora.es.jne.kr,59649,공립,본교,"전라남도 여수시 소라면 덕양로 431 (소라면,소라초등학교)",061-685-8339,061-683-2679,34.79614517,127.6307362
895,초등학교,여수시,소라초등학교사곡분교장,http://sora.es.jne.kr,59607,공립,,전라남도 여수시 소라면 사곡로 27,061-685-8339,061-683-2679,34.78759407,127.5827281
894,초등학교,여수시,소라초등학교소라남분교장,http://www.sora.es.jne.kr,59654,공립,분교,"전남 여수시 소라면 중촌1길 11 (소라면,소라초등학교 소라남분교장)",061-685-8339,061-683-2679,34.76131901,127.6080103
893,초등학교,여수시,소라초등학교신흥분교장,http://sora.es.jne.kr,59648,공립,분교,"전라남도 여수시 소라면 서부로 472-9 (소라면,소라초등학교 신흥분교장)",061-685-8339,061-683-2679,34.77285935,127.5899304
892,초등학교,여수시,소라초등학교여자분교장,http://sora.es.jne.kr,59650,공립,분교,"전라남도 여수시 화정면 여자대동길 21 (화정면,소라초등학교 여자분교장)",061-685-8339,061-683-2679,34.7661824,127.4924483
891,초등학교,여수시,소호초등학교,http://soho.es.jne.kr,59664,공립,본교,"전라남도 여수시 소호로 499 , 소호초등학교",061-689-6692,061-682-3614,34.74721533,127.6543413
890,초등학교,여수시,시전초등학교,http://sijeon.es.jne.kr,59690,공립,본교,"전라남도 여수시 망마로 82-17 (신기동,시전초등학교)",061-691-0789,061-684-0646,34.75688268,127.6714251
889,초등학교,여수시,신기초등학교,http://yssingi.es.jne.kr,59684,공립,본교,"전라남도 여수시 여천체육공원길 24 (신기동,신기초등학교)",061-686-9283,061-686-9287,34.76088358,127.675573
888,초등학교,여수시,신풍초등학교,http://ys-shinpung.es.jne.kr,59605,공립,본교,"전라남도 여수시 율촌면 여순로 435-4 (율촌면,신풍초등학교)",061-685-7087,061-682-7717,34.84315897,127.6093506
887,초등학교,여수시,쌍봉초등학교,http://ys-ssangbong.es.jne.kr,59679,공립,본교,"전라남도 여수시 흥국로 47 , 쌍봉초등학교 (학동)",061-690-4520,061-684-1280,34.7641363,127.6682987
886,초등학교,여수시,안심초등학교,http://ansim.es.jne.kr,59669,공립,본교,"전라남도 여수시 소호7길 23 (소호동,안심초등학교)",061-692-1251,061-692-1255,34.73997774,127.6464527
885,초등학교,여수시,안일초등학교,http://ys-anil.es.jne.kr,59780,공립,본교,"전라남도 여수시 화양면 화양로 341-3 (화양면,안일 초등학교)",061-686-2977,061-686-1977,34.64006831,127.6265812
884,초등학교,여수시,안일초등학교백야분교장,http://ys-anil.es.jne.kr,59782,공립,분교,"전라남도 여수시 화정면 백야3길 8-21 (화정면,안일초등학교 백야분교장)",061-685-4246,061-686-1977,34.62154137,127.6392783
883,초등학교,여수시,여남초등학교,http://ys-yeonam.es.jne.kr/,59786,공립,본교,"전라남도 여수시 남면 금오로 836 (남면,여남초등학교)",061-666-7017,061-665-9718,34.51213132,127.7668059
882,초등학교,여수시,여수구봉초등학교,http://ysgb.es.jne.kr,59748,공립,본교,"전라남도 여수시 구봉산길 51 (국동,구봉초등학교)",061-641-6845,061-642-8148,34.73654129,127.7148978
881,초등학교,여수시,여수남산초등학교,http://yeosunamsan.es.jne.kr,59753,공립,본교,"전라남도 여수시 남산북10길 8 (남산동,남산초등학교)",061-641-3238,061-641-3249,34.73730674,127.7299162
880,초등학교,여수시,여수남초등학교,http://ysnam.es.jne.kr,59761,공립,본교,"전라남도 여수시 어항로 22 (국동,여수남초등학교)",061-641-6196,061-642-3972,34.73149459,127.7208246
879,초등학교,여수시,여수동초등학교,http://yeosudong.es.jne.kr,59726,공립,본교,"전라남도 여수시 진남로 151 (공화동,동초등학교)",061-666-4793,061-662-3973,34.74702082,127.7405596
878,초등학교,여수시,여수문수초등학교,http://ysmunsu.es.jne.kr,59704,공립,본교,"전라남도 여수시 허문정1길 48-5 , 여수문수초등학교 (문수동,문수초등학교)",061-652-4428,061-652-4430,34.75123094,127.6942481
877,초등학교,여수시,여수미평초등학교,http://mp.es.jne.kr,59697,공립,본교,"전라남도 여수시 좌수영로 390 (미평동,미평초등학교)",061-650-6507,061-652-8125,34.76400236,127.7067065
876,초등학교,여수시,여수봉산초등학교,http://yeosubs.es.jne.kr,59754,공립,본교,"전라남도 여수시 봉산새철4길 28 (봉산동,봉산초등학교)",061-643-9024,061-643-9025,34.73549481,127.7272229
875,초등학교,여수시,여수부영초등학교,http://ysbuyeong.es.jne.kr,59721,공립,본교,"전라남도 여수시 대치3길 27 (여서동,여수부영초등학교)",061-650-1702,061-651-9316,34.74592162,127.7008739
874,초등학교,여수시,여수북초등학교,http://ysbuk.es.jne.kr,59622,공립,본교,"전라남도 여수시 망양로 306 (만흥동,여수북초등학교)",061-651-9395,061-651-9944,34.777848,127.742998
873,초등학교,여수시,여수서초등학교,http://yosuseo.es.jne.kr,59751,공립,본교,"전라남도 여수시 서교1길 29 , 여수서초등학교",061-642-6965,061-641-6750,34.74079032,127.7249893
872,초등학교,여수시,여수신월초등학교,http://ys-sinwol.es.jne.kr,59760,공립,본교,"전라남도 여수시 신월로 614 (신월동,신월초등학교)",061-642-0345,061-641-6724,34.72724478,127.7138876
871,초등학교,여수시,여수양지초등학교,http://ysyangji.es.jne.kr/,59628,공립,본교,"전라남도 여수시 양지1길 21 (미평동,양지초등학교)",061-652-8262,061-652-8263,34.7728539,127.701119
870,초등학교,여수시,여수여문초등학교,http://yeomun.es.jne.kr,59714,공립,본교,"전라남도 여수시 문수로 142-16 (문수동,여문초등학교)",061-651-7142,061-651-7146,34.75593947,127.7099449
869,초등학교,여수시,여수종고초등학교,http://jonggo.es.jne.kr,59724,공립,본교,"전라남도 여수시 공화북6길 52 , 여수종고초등학교 (덕충동,종고초등학교)",061-666-6970,061-663-6632,34.75020326,127.7437288
868,초등학교,여수시,여수좌수영초등학교,http://jwasuyoung.es.jne.kr,59703,공립,본교,"전라남도 여수시 여문2로 50 (문수동,여수좌수영초등학교)",061-650-7807,061-651-8378,34.75260304,127.6926345
867,초등학교,여수시,여수중앙초등학교,http://zo.es.jne.kr,59741,공립,본교,"전라남도 여수시 하멜로 35 (종화동,중앙초등학교)",061-666-6967,061-663-0656,34.74109442,127.7445077
866,초등학교,여수시,여수진남초등학교,http://jinnam.es.jne.kr/,59717,공립,본교,"전라남도 여수시 좌수영로 131 (광무동,진남초등학교)",061-642-0118,061-642-1988,34.75258754,127.7268441
865,초등학교,여수시,여수한려초등학교,http://hallyo.es.jne.kr,59701,공립,본교,"전라남도 여수시 여문1로 80 (문수동,한려초등학교)",061-690-2290,061-652-3164,34.75609474,127.7036946
864,초등학교,여수시,여천초등학교,http://yeocheon.es.jne.kr,59633,공립,본교,"전라남도 여수시 주동1길 30 , 여천초등학교 (주삼동,여천초등학교)",061-690-1890,061-691-0651,34.7881449,127.6545421
863,초등학교,여수시,여남초등학교연도분교장,http://yeondo.es.jne.kr,59787,공립,분교,전라남도 여수시 남면 연도길 297 (남면),061-666-0056,061-665-0678,34.43289372,127.8013743
862,초등학교,여수시,웅천초등학교,http://ungchun.es.jne.kr,59691,공립,본교,"전라남도 여수시 , 웅천중앙로 61(웅천동)",061-690-8807,061-692-9615,34.7499548,127.6743133
861,초등학교,여수시,율촌초등학교,http://yulchon.es.jne.kr,59602,공립,본교,"전라남도 여수시 율촌면 율촌초교길 7 (율촌면,율촌초등학교)",061-685-4843,061-685-4846,34.88215443,127.5765166
860,초등학교,여수시,율촌초등학교산수분교장,http://yulchon.es.jne.kr,59600,공립,분교,"전라남도 여수시 율촌면 왕바위길 135 (율촌면,율촌 초등학교 산수분교장)",061-685-4843,061-685-4846,34.88082839,127.55306
859,초등학교,화순군,화순제일초등학교,http://hsji.es.jne.kr,58127,공립,본교,전라남도 화순군 화순읍 알메로 8 (화순읍),061-375-1300,061-375-9677,35.056238,126.9948129
858,초등학교,화순군,화순초등학교,http://hwasun.es.jne.kr,58112,공립,본교,"전라남도 화순군 화순읍 동헌길 9-7 (화순읍,화순초등학교)",061-370-0108,061-370-0109,35.06547436,126.9841167
857,초등학교,화순군,화순초등학교이서분교장,http://hwasun.es.jne.kr,58103,공립,분교,"전라남도 화순군 이서면 규봉로 979 (이서면,이서초등학교)",061-372-9064,061-372-0305,35.11710887,127.0435201
839,초등학교,여수시,율촌초등학교상봉분교장,http://yulchon.es.jne.kr,59603,공립,분교,"전라남도 여수시 율촌면 상봉1길 7 (율촌면,율촌초등학교상봉분교장)",061-686-0731,061-686-0730,34.82258036,127.5554686
838,초등학교,여수시,죽림초등학교,http://ysjuklim.es.jne.kr,59655,공립,본교,"전라남도 여수시 소라면 죽림로 60 , 죽림초등학교 (소라면)",061-684-7897,061-684-7898,34.76616992,127.6380407
837,초등학교,여수시,화양초등학교,http://ys-hwayang.es.jne.kr,59779,공립,본교,"전라남도 여수시 화양면 화동로 149 (화양면,화양초등학교)",061-686-6516,061-685-4329,34.6865179,127.5946121
836,초등학교,여수시,화정초등학교,http://whajeong.es.jne.kr,59783,공립,본교,"전라남도 여수시 화정면 개도화산길 50 (화정면,화정초등학교)",061-666-8655,061-666-0231,34.57069017,127.6596288
835,초등학교,여수시,화태초등학교두라분교장,http://hwatae.es.jne.kr,59784,공립,분교,"전라남도 여수시 남면 대두길 87 (남면,화태초등학교두라분교)",061-666-9991,061-666-5804,34.56888691,127.7348226
832,초등학교,여수시,화태초등학교월호분교장,http://hwatae.es.jne.kr,59782,공립,분교,"전라남도 여수시 화정면 월호큰길 54 (화정면,화태초등학교월호분교)",061-665-7124,061-665-8352,34.57427391,127.7227254
831,초등학교,여수시,여도초등학교,http://yeodo.es.jne.kr,59632,사립,본교,전라남도 여수시 상암로 7 (봉계동),061-690-3200,061-685-2815,35.009062,126.786347
796,초등학교,영광군,군남초등학교,http://gunnam.es.jne.kr,57060,공립,본교,전라남도 영광군 군남면 군불로 135 (군남면),061-352-4313,061-351-5255,35.23652402,126.4574775
795,초등학교,영광군,군서초등학교,http://gunseo.es.jne.kr,57033,공립,본교,"전라남도 영광군 군서면 군서로 50 , 군서초등학교",061-353-4506,061-351-4887,35.25713652,126.4781571
794,초등학교,영광군,대마초등학교,http://daema.es.jne.kr,57054,공립,본교,"전라남도 영광군 대마면 영장로 277 , 대마초등학교",061-352-4323,061-351-5018,35.30313947,126.5818296
789,초등학교,장성군,동화초등학교,http://donghwa.es.jne.kr,57241,공립,본교,"전남 장성군 동화면 용정교촌길 45 (동화면,교실)",061-392-1258,061-392-5669,35.27410862,126.7363941
788,초등학교,장성군,북이초등학교,http://buki.es.jne.kr,57200,공립,본교,"전라남도 장성군 북이면 신창길 5-1 , 북이초등학교",061-392-8223,061-393-1719,35.43231963,126.8041881
787,초등학교,장성군,북일초등학교,http://bugil.es.jne.kr,57230,공립,본교,"전라남도 장성군 북일면 신흥로 574 (북일면,교실)",061-393-1710,061-393-4320,34.46739334,126.6767422
786,초등학교,장성군,분향초등학교,http://bunhyang.es.jne.kr,57249,공립,본교,"전라남도 장성군 남면 황토단감로 142-11 (남면,강당)",061-392-5726,061-392-2585,35.23916081,126.802065
785,초등학교,장성군,사창초등학교,http://js-sachang.es.jne.kr,57238,공립,본교,"전라남도 장성군 삼계면 사창로 64-17 , 사창초등학교 (삼계면,사창초등학교)",061-399-0700,061-399-0799,35.26039514,126.6667583
784,초등학교,영광군,묘량중앙초등학교,http://myjungang.es.jne.kr,57056,공립,본교,전라남도 영광군 묘량면 동삼로 2 (묘량면),061-352-5416,061-351-4151,35.25920228,126.5441743
783,초등학교,영광군,백수서초등학교,http://beaksu.es.jne.kr,57029,공립,본교,전라남도 영광군 백수읍 지산길4길 50-11 (백수읍),061-352-4750,061-351-5442,35.28254022,126.3968727
782,초등학교,영광군,백수초등학교,http://baeksu.es.jne.kr,57028,공립,본교,전라남도 영광군 백수읍 백수로10길 21 (백수읍),061-352-7024,061-352-7333,35.28210109,126.4206231
781,초등학교,영광군,법성포초등학교,http://beobseong.es.jne.kr,57010,공립,본교,전라남도 영광군 법성면 용덕로 43 (법성면),061-356-2489,061-356-7939,35.3593425,126.45513
780,초등학교,영광군,법성포초등학교안마분교장,http://beobseong.es.jne.kr,57069,공립,분교,전라남도 영광군 낙월면 안마길1길 25 (낙월면),061-356-4493,061-356-7939,35.34478278,126.0252864
779,초등학교,영광군,불갑초등학교,http://bulgap.es.jne.kr,57059,공립,본교,"전라남도 영광군 불갑면 강항로 7 , 불갑초등학교",061-352-8009,061-351-4575,35.2116359,126.5080134
778,초등학교,영광군,염산초등학교,http://yeomsan.es.jne.kr,57066,공립,본교,전라남도 영광군 염산면 칠산로 124 (염산면),061-352-9046,061-353-9046,35.22095435,126.3665479
777,초등학교,영광군,염산초등학교낙월분교장,http://yeomsan.es.jne.kr,57068,공립,분교,"전라남도 영광군 낙월면 낙월길 70 (낙월면, 염산초등학교낙월분교장병설유치원)",061-352-3230,061-353-5191,35.20205743,126.1365228
776,초등학교,영광군,영광중앙초등학교,http://ygja.es.jne.kr,57036,공립,본교,전라남도 영광군 영광읍 천년로13길 57-9 (영광읍),061-353-2892,061-353-2694,35.27974707,126.5051264
775,초등학교,영광군,영광초등학교,http://yeonggwang.es.jne.kr,57051,공립,본교,전라남도 영광군 중앙로 216-7 (영광읍),061-350-8600,061-353-4154,35.27893735,126.5134894
774,초등학교,영광군,홍농서초등학교,http://hongnongsu.es.jne.kr,57003,공립,본교,전라남도 영광군 홍농읍 홍농로4길 30 (홍농읍),061-356-3243,061-356-6839,35.41843976,126.4401633
773,초등학교,영광군,홍농초등학교,http://hongnong.es.jne.kr,57004,공립,본교,"전라남도 영광군 홍농읍 상하길 76-22 , 홍농초등학교",061-356-3204,061-356-4838,35.39936399,126.4478907
766,초등학교,장성군,삼서초등학교,http://samseo.es.jne.kr,57255,공립,본교,"전라남도 장성군 삼서면 대곡한실길 26 (삼서면,다목적강당)",061-394-2069,061-394-0033,35.22994714,126.6536743
765,초등학교,장성군,서삼초등학교,http://seosam.es.jne.kr,57232,공립,본교,전라남도 장성군 서삼면 축령로 368 (서삼면),061-390-9933,061-393-4768,35.33361937,126.7685869
764,초등학교,장성군,약수초등학교,http://js-yaksu.es.jne.kr,57205,공립,본교,전라남도 장성군 북하면 백양로 883,061-392-7448,061-392-5465,35.40827922,126.8814256
763,초등학교,장성군,월평초등학교,http://wolpyeong.es.jne.kr,57227,공립,본교,"전라남도 장성군 황룡면 신월산1길 10 , 월평초등학교",061-390-6720,061-390-6799,35.29084497,126.7758895
762,초등학교,장성군,장성성산초등학교,http://jss4u.es.jne.kr,57214,공립,본교,"전라남도 장성군 장성읍 성산2길 21 (장성읍,성산초등학교)",061-399-3900,061-393-1679,35.32656528,126.8063835
761,초등학교,장성군,장성중앙초등학교,http://jangseong-jungang.es.jne.kr,57219,공립,본교,"전라남도 장성군 장성읍 제봉로 84 (장성읍,장성중앙초등학교)",061-390-9790,061-392-2018,35.29904581,126.7871252
760,초등학교,장성군,진원동초등학교,http://jinwondong.es.jne.kr,57246,공립,본교,"전라남도 장성군 진원면 불태3로 245 , 진원동초등학교",061-393-5362,061-393-1873,35.26041299,126.8636015
759,초등학교,장성군,진원초등학교,http://jinwon.es.jne.kr,57244,공립,본교,"전라남도 장성군 진원면 진남1로 199 (진원면,사택)",061-392-9822,061-392-9823,35.26278158,126.8218811
752,초등학교,영암군,구림초등학교,http://gurim.es.jne.kr,58434,공립,본교,"전라남도 영암군 군서면 왕인로 509 (군서면,구림초등학교)",061-473-4525,061-473-9439,34.76373847,126.632284
751,초등학교,영암군,금정초등학교,http://geumjeong.ms.jne.kr,58405,공립,본교,"전라남도 영암군 금정면 영나로 836 (금정면,금정중학교)",061-472-2044,061-473-9615,34.86128448,126.7534745
750,초등학교,영암군,대불초등학교,http://daebul.es.jne.kr,58458,공립,본교,"전라남도 영암군 삼호읍 대불주거6로 41 (삼호읍,대불초등학교)",061-462-4100,061-464-6586,34.75709217,126.4606412
749,초등학교,영암군,덕진초등학교,http://deokjin.es.jne.kr,58409,공립,본교,"전라남도 영암군 덕진면 백운선로 21 (덕진면,덕진초등학교)",061-472-1915,061-473-3271,34.82148517,126.6987828
748,초등학교,영암군,도포초등학교,http://dopocho.es.jne.kr,58429,공립,본교,"전라남도 영암군 도포면 줄다리로 117 (도포면,도포초등학교)",061-472-3016,061-472-9041,34.83654887,126.6353365
747,초등학교,영암군,독천초등학교,http://dokcheon.es.jne.kr,58439,공립,본교,"전라남도 영암군 학산면 영산로 58 (학산면,독천초등학교)",061-472-9582,061-471-1523,34.72831642,126.5644595
746,초등학교,영암군,미암초등학교,http://miam.es.jne.kr,58444,공립,본교,"전라남도 영암군 미암면 미중로 61 (미암면,미암초등학교)",061-473-9590,061-471-3960,34.69947394,126.5734208
745,초등학교,영암군,삼호서초등학교,http://samhoseo.es.jne.kr,58462,공립,본교,"전라남도 영암군 삼호읍 신항로 77 삼호서초등학교 (삼호읍,삼호서초등학교)",061-461-2988,061-461-2983,34.74619106,126.3779433
744,초등학교,영암군,삼호중앙초등학교,http://samhojungang.es.jne.kr,58458,공립,본교,"전라남도 영암군 삼호읍 중앙촌길 35 , 삼호중앙초등학교 (삼호읍,삼호중앙초등학교)",061-462-6005,061-462-6641,34.74745219,126.4700083
743,초등학교,영암군,서창초등학교,http://ya-seochang.es.jne.kr,58467,공립,본교,"전라남도 영암군 삼호읍 서창호수길 4 (삼호읍,서창초등학교)",061-473-9732,061-473-0576,34.72846759,126.5322935
742,초등학교,영암군,시종초등학교,http://sijong.es.jne.kr,58427,공립,본교,"전라남도 영암군 시종면 내동중앙로 17 (시종면,시종초등학교)",061-473-0833,061-471-0847,34.86773346,126.6074767
741,초등학교,영암군,신북초등학교,http://ya-sinbuk.es.jne.kr,58401,공립,본교,"전라남도 영암군 신북면 간은정로 67 (신북면,신북초등학교)",061-472-9025,061-473-7292,34.89137601,126.6958279
740,초등학교,영암군,영암초등학교,http://yeongam.es.jne.kr,58414,공립,본교,"전라남도 영암군 영암읍 영암초중고길 1 (영암읍,영암초등학교)",061-473-0784,061-473-2963,34.79734305,126.6878033
739,초등학교,영암군,용당초등학교,http://ya-yongdang.es.jne.kr,58450,공립,본교,"전라남도 영암군 삼호읍 아산길 26-10 (삼호읍,용당초등학교)",061-464-6379,061-464-2154,34.76191612,126.3996967
738,초등학교,영암군,장천초등학교,http://ya-jangcheon.es.jne.kr,58437,공립,본교,"전라남도 영암군 서호면 서호로 332 (서호면,장천초등학교)",061-472-7054,061-471-7054,34.75603314,126.5830254
737,초등학교,나주시,문평초등학교,http://munpyeong.es.jne.kr,58200,공립,본교,"전라남도 나주시 문평면 문평로 15 (문평면,문평초등학교)",061-336-5014,061-336-8399,35.05875512,126.6033111
736,초등학교,나주시,반남초등학교,http://bannam.es.jne.kr,58303,공립,본교,"전라남도 나주시 반남면 고분로 712 , 반남초등학교 (반남면,반남초등학교)",061-336-1058,061-336-1068,34.91199939,126.658963
735,초등학교,나주시,봉황초등학교,http://bonghwang.es.jne.kr,58307,공립,본교,"전라남도 나주시 봉황면 죽석길 31 (봉황면,봉황초등학교)",061-337-4405,061-331-5967,34.95765485,126.7881475
734,초등학교,나주시,빛가람초등학교,http://bgr.es.jne.kr,58217,공립,본교,"전라남도 나주시 그린로 176 , 빛가람초등학교 (빛가람동)",061-338-8171,061-336-7110,35.00909367,126.7853287
733,초등학교,나주시,산포초등학교,http://najusanpo.es.jne.kr,58214,공립,본교,"전라남도 나주시 산포면 산포로 400 (산포면,산포초등학교)",061-337-1015,061-337-4181,35.03344786,126.8061217
718,초등학교,영암군,학산초등학교,http://ya-haksan.es.jne.kr,58440,공립,본교,"전라남도 영암군 학산면 금계로 193 (학산면,학산초등학교)",061-472-4166,061-472-5342,34.72056015,126.596789
705,초등학교,완도군,고금초등학교,http://gogeum.es.jne.kr,59130,공립,본교,"전라남도 완도군 고금면 고금동로 17-33 (고금면,고금초등학교)",061-555-5312,061-555-5315,34.39613127,126.8000039
704,초등학교,완도군,군외초등학교,http://gunoe.es.jne.kr,59100,공립,본교,"전라남도 완도군 군외면 청해진서로 2020 (군외면,군외초교)",061-552-5473,061-554-4673,34.37942458,126.6466237
703,초등학교,완도군,금당초등학교,http://kumdang.ms.jne.kr,59137,공립,본교,"전라남도 완도군 금당면 금당로 220-23 (금당면,금당초교)",061-843-2213,061-843-2214,34.44104275,127.0612635
702,초등학교,완도군,금일동초등학교,http://geumildong.es.jne.kr,59143,공립,본교,"전라남도 완도군 금일읍 금일로725번길 18-13 (금일읍,금일동초교)",061-552-9940,061-553-2208,34.34050617,127.055013
701,초등학교,완도군,금일초등학교,http://geumil.es.jne.kr,59140,공립,본교,"전라남도 완도군 금일읍 금일로457번길 38 (금일읍,금일초교)",061-553-4000,061-554-8799,34.35541366,127.033305
700,초등학교,완도군,넙도초등학교,http://nepdo.es.jne.kr,59159,공립,본교,전라남도 완도군 노화읍 넙도길 294-31 (노화읍),061-553-4200,061-554-4380,34.18845921,126.5042129
694,초등학교,장흥군,관산남초등학교,http://gwansannam.es.jne.kr,59357,공립,본교,전라남도 장흥군 관산읍 장흥대로 1350 (관산읍),061-867-0684,061-867-9021,34.52650787,126.9540752
693,초등학교,장흥군,관산초등학교,http://jh-gwansan.es.jne.kr,59348,공립,본교,전라남도 장흥군 관산읍 관산로 64 (관산읍),061-867-3114,061-867-6193,34.56155709,126.9393805
692,초등학교,장흥군,대덕초등학교,http://jh-daedeok.es.jne.kr,59363,공립,본교,전라남도 장흥군 대덕읍 대대로 947 (대덕읍),061-867-2143,061-867-0811,34.50028797,126.8891765
691,초등학교,장흥군,명덕초등학교,http://md.es.jne.kr,59358,공립,본교,전라남도 장흥군 회진면 회진로 805-17 (회진면),061-867-5013,061-867-4960,34.4791602,126.966598
690,초등학교,장흥군,부산초등학교,http://busan.es.jne.kr,59302,공립,본교,"전라남도 장흥군 부산면 부유로 25-16 (부산면,부산초등학교)",061-863-5009,061-863-5014,34.72291091,126.9012739
669,초등학교,완도군,넙도초등학교서리분교장,http://nepdo.es.jne.kr,59159,공립,분교,"전라남도 완도군 노화읍 넙도298번길 18 , 넙도초등학교서리분교장",061-553-4335,061-554-4380,34.18834919,126.5010893
668,초등학교,완도군,노화북초등학교,http://nohwabuk.es.jne.kr,59154,공립,본교,"전라남도 완도군 노화읍 노화서로614번길 102 (노화읍,노화북초교)",061-553-4902,061-554-4013,34.21624042,126.5776814
667,초등학교,완도군,노화중앙초등학교,http://wdnj.es.jne.kr,59157,공립,본교,"전라남도 완도군 노화읍 이목25번길 49-13 (노화읍,노화중앙초교)",061-553-1556,061-553-3080,34.17883256,126.5715853
666,초등학교,완도군,노화초등학교,http://nohwa.es.jne.kr,59156,공립,본교,"전라남도 완도군 노화읍 노화서로 149 (노화읍,노화초교)",061-553-9707,061-553-1729,34.19586522,126.569989
665,초등학교,완도군,보길동초등학교,http://bogildong.es.jne.kr,59163,공립,본교,"전남 완도군 보길면 보길동로392번길 6-18 (보길면,보길동초등학교)",061-553-6202,061-552-9818,34.16332614,126.5925685
664,초등학교,완도군,보길초등학교,http://bogil.es.jne.kr,59161,공립,본교,"전라남도 완도군 보길면 부황길 67 (보길면,보길초교)",061-553-6200,061-554-9100,34.162136,126.5551292
663,초등학교,완도군,생영초등학교,http://sangyong.es.jne.kr,59144,공립,본교,"전라남도 완도군 생일면 생일로579번길 3 (생일면,생영초등학교)",061-553-3600,061-552-2150,34.33302176,126.9963661
662,초등학교,완도군,소안초등학교,http://soan.es.jne.kr,59165,공립,본교,"전라남도 완도군 소안면 소안로 213 , 소안초등학교 (소안면,소안초등학교)",061-553-7251,061-554-1704,34.17255577,126.6542953
661,초등학교,완도군,신지동초등학교,http://shinjidong.es.jne.kr,59147,공립,본교,"전라남도 완도군 신지면 신지로 815-1 , 신지동초등학교 (신지면,신지동초등학교)",061-552-7012,061-553-0220,34.32717924,126.8506169
660,초등학교,완도군,신지초등학교,http://shinji.es.jne.kr,59146,공립,본교,"전라남도 완도군 신지면 대곡48번길 37 , 신지초등학교",061-554-4011,061-552-5581,34.33793014,126.8297626
659,초등학교,완도군,약산초등학교,http://yagsan.es.jne.kr,59135,공립,본교,"전남 완도군 약산면 약산로 351-1 (약산면,약산초등학교)",061-553-8334,061-553-5799,34.39402969,126.8964679
658,초등학교,완도군,완도중앙초등학교,http://wdja.es.jne.kr,59109,공립,본교,"전라남도 완도군 완도읍 개포로135번길 37 (완도읍,완도중앙초교)",061-552-5034,061-554-6808,34.32193909,126.7401073
657,초등학교,완도군,완도초등학교,http://wando.es.jne.kr,59126,공립,본교,"전라남도 완도군 완도읍 중앙길 43 , 완도초등학교 (완도읍,완도초등학교)",061-552-2387,061-553-0290,34.31320517,126.7593423
656,초등학교,완도군,청산초등학교,http://cheongsan.es.jne.kr,59151,공립,본교,전라남도 완도군 청산면 청산로 1602-1 (청산면),061-552-1023,061-553-8906,34.1829045,126.8599055
655,초등학교,완도군,청산초등학교모도분교장,http://cheongsan.es.jne.kr,59152,공립,분교,"전라남도 완도군 청산면 대모도12번길 20-1 , 청산초등학교모도분교장 (청산면)",061-554-8105,061-552-8106,34.20093346,126.7538463
654,초등학교,완도군,청해초등학교,http://cheonghae.es.jne.kr,59104,공립,본교,"전라남도 완도군 완도읍 청해진로 1374 (완도읍,청해초교)",061-553-1150,061-553-6414,34.35941744,126.7278083
653,초등학교,완도군,화흥초등학교,http://hwaheung.es.jne.kr,59107,공립,본교,"전라남도 완도군 완도읍 청해진서로 824 (완도읍,화흥초교)",061-552-2972,061-554-8584,34.3255716,126.7011789
650,초등학교,장흥군,안양초등학교,http://jh-anyang.es.jne.kr,59338,공립,본교,"전라남도 장흥군 안양면 운정2길 14 , 안양초등학교 (안양면)",061-862-6477,061-862-6044,34.65187562,126.9731524
649,초등학교,장흥군,용산초등학교,http://jh-yongsan.es.jne.kr,59345,공립,본교,전라남도 장흥군 용산면 장흥대로 2445 (용산면),061-862-0673,061-862-0670,34.61350472,126.9140209
648,초등학교,장흥군,유치초등학교,http://yuchi.ms.jne.kr,59301,공립,본교,전라남도 장흥군 유치면 유치로 48 (유치면),061-863-1731,061-863-1734,34.80273435,126.8355488
647,초등학교,장흥군,장동초등학교,http://jh-jangdong.es.jne.kr,59307,공립,본교,"전라남도 장흥군 장동면 흥성로 1500 , 장동초등학교",061-862-4742,061-862-8635,34.74669785,126.9940416
646,초등학교,장흥군,장평초등학교,http://jangpyungcho.es.jne.kr,59306,공립,본교,전라남도 장흥군 장평면 등촌길 10 (장평면),061-862-3007,061-862-3173,34.77592945,126.9713513
645,초등학교,장흥군,장흥남초등학교,http://jangheungnam.es.jne.kr,59336,공립,본교,전라남도 장흥군 장흥읍 장흥대로 3298 (장흥읍),061-863-5107,061-863-9551,34.66575774,126.8898032
644,초등학교,장흥군,장흥서초등학교,http://jangheung-seo.es.jne.kr,59331,공립,본교,전라남도 장흥군 장흥읍 칠거리예양로 40,061-863-6601,061-863-6606,34.67482556,126.9017718
643,초등학교,장흥군,장흥초등학교,http://jangheung.es.jne.kr,59321,공립,본교,전라남도 장흥군 장흥읍 의향길 23 (장흥읍),061-862-6801,061-863-1352,34.68371806,126.9073835
642,초등학교,장흥군,회진초등학교,http://hoejin.es.jne.kr,59360,공립,본교,전라남도 장흥군 회진면 회진남구길 7 (회진면),061-867-5032,061-867-8494,34.47994113,126.9356861
609,초등학교,순천시,낙안초등학교,http://nagan.es.jne.kr,57918,공립,본교,"전라남도 순천시 낙안면 동서길 20 (낙안면,낙안초등학교)",061-754-2524,061-754-2538,34.90922515,127.3428726
608,초등학교,순천시,동명초등학교,http://scdm.es.jne.kr,57982,공립,본교,"전라남도 순천시 해룡면 동명초등길 23 (해룡면,동명초등학교)",061-722-2457,061-722-2435,34.94808912,127.5271942
607,초등학교,순천시,동산초등학교,http://scdongsan.es.jne.kr,57906,공립,본교,"전라남도 순천시 서면 순천로 16 (서면,동산초등학교)",061-752-7110,061-751-0301,34.99383703,127.4943075
606,초등학교,순천시,매안초등학교,http://maean.es.jne.kr,58016,공립,본교,"전라남도 순천시 해룡면 좌야로 16 , 매안초등학교 (해룡면)",061-804-0800,061-727-6857,34.93086516,127.5524412
605,초등학교,순천시,별량초등학교,http://byeollyang.es.jne.kr,58033,공립,본교,"전남 순천시 별량면 별량길 58 (별량면,별량초등학교)",061-742-5501,061-742-7359,34.8757508,127.4521151
604,초등학교,순천시,상사초등학교,http://sangsa.es.jne.kr,57919,공립,본교,"전라남도 순천시 상사면 상사초등길 55 (상사면,상사초등학교)",061-745-0966,061-745-3996,34.94379076,127.4453773
603,초등학교,순천시,송광초등학교,http://songgwang.es.jne.kr,57914,공립,본교,"전라남도 순천시 송광면 쌍향수길 1169 (송광면,송광초등학교)",061-754-3570,061-754-4022,34.96121664,127.2669752
602,초등학교,순천시,송산초등학교,http://scsongsan.es.jne.kr,58031,공립,본교,"전라남도 순천시 별량면 송산구기길 13 (별량면,관사)",061-742-5324,061-742-5802,34.85013861,127.4162547
601,초등학교,순천시,순천남산초등학교,http://scns.es.jne.kr,57995,공립,본교,"전라남도 순천시 풍덕새길 89(풍덕동, 순천남산초등학교)",061-740-2100,061-741-0042,34.93854586,127.4953678
600,초등학교,순천시,순천남초등학교,http://suncheonnam.es.jne.kr,57957,공립,본교,"전라남도 순천시 서문로 7 (저전동,순천남초등학교)",061-744-8780,061-741-7577,34.95013769,127.481902
592,초등학교,진도군,고성초등학교,http://jn-goseong.es.jne.kr,58909,공립,본교,"전라남도 진도군 고군면 고성길 2-3 (고군면,고성초등학교)",061-543-1019,061-543-7739,34.49894725,126.3219566
591,초등학교,진도군,군내북초등학교,http://gunnaebuk.es.jne.kr,58900,공립,본교,"전라남도 진도군 군내면 대야길 54 (군내면,군내북초등학교)",061-542-1012,061-542-1013,34.56436734,126.2892593
590,초등학교,진도군,금성초등학교,http://jdgs.es.jne.kr,58902,공립,본교,"전라남도 진도군 군내면 금골길 58 (군내면,금성초등학교)",061-542-4014,061-542-9445,35.34476246,127.0247911
589,초등학교,진도군,석교초등학교,http://seokkyo.es.jne.kr,58942,공립,본교,"전라남도 진도군 임회면 석교길 47-18 (임회면,석교초등학교)",061-543-3165,061-543-9893,34.40639919,126.1921266
588,초등학교,진도군,오산초등학교,http://osan21.es.jne.kr,58908,공립,본교,"전라남도 진도군 고군면 진도대로 288 (고군면,오산초등학교)",061-543-1064,061-543-1320,35.23901695,127.1210521
587,초등학교,진도군,오산초등학교금호도분교장,http://osan21.es.jne.kr,58911,공립,분교,"전라남도 진도군 고군면 금호도길 47 (고군면,오산초교금호도분교)",061-544-4503,061-543-1032,34.41330572,126.3689367
586,초등학교,진도군,의신초등학교,http://uisin.es.jne.kr,58935,공립,본교,"전라남도 진도군 의신면 돈지1길 13 (의신면,의신초등학교)",061-543-4014,061-543-8315,34.44080796,126.2772507
585,초등학교,진도군,의신초등학교모도분교장,http://uisin.es.jne.kr,58936,공립,분교,"전라남도 진도군 의신면 모도길 12-3 (의신면,의동초등학교모도분교장)",061-544-5092,061-544-5125,34.40775537,126.3556005
584,초등학교,진도군,의신초등학교접도분교장,http://uisin.es.jne.kr,58939,공립,분교,"전라남도 진도군 의신면 황모길 25-1 (의신면,접도초등학교)",061-544-4421,061-544-3924,34.38617924,126.2955965
583,초등학교,진도군,조도초등학교,http://jodo.es.jne.kr,58956,공립,본교,"전라남도 진도군 조도면 창유1길 36-14 (조도면,조도초등학교)",061-542-4909,061-542-8490,34.29581903,126.0492442
582,초등학교,진도군,조도초등학교거차분교장,http://jodo.es.jne.kr,58958,공립,분교,"전라남도 진도군 조도면 서거차도1길 42 , 조도초등학교거차분교장",061-544-4873,061-544-4873,34.25282843,125.9180456
581,초등학교,진도군,조도초등학교관사분교장,http://jodo.es.jne.kr,58956,공립,분교,"전라남도 진도군 조도면 관사도길 12 (조도면,조도초등학교)",061-544-5818,061-544-5817,34.30924706,125.9754793
562,초등학교,순천시,순천대석초등학교,http://scdaeseok.es.jne.kr,57987,공립,본교,"전라남도 순천시 기적의도서관2길 52 , 순천대석초등학교 (연향동,대석초등학교)",061-724-2928,061-725-1491,34.9434515,127.5257458
561,초등학교,순천시,순천도사초등학교,http://dosa.es.jne.kr,58026,공립,본교,"전라남도 순천시 순천만길 166 (홍내동,도사초등학교)",061-745-7103,061-745-7106,34.91368215,127.4997618
560,초등학교,순천시,순천봉화초등학교,http://bong-hwa.es.jne.kr,57951,공립,본교,"전라남도 순천시 봉화1길 57 (조례동,봉화초등학교)",061-722-0663,061-722-0466,34.9566731,127.5139052
559,초등학교,순천시,순천부영초등학교,http://buyeong.es.jne.kr,57980,공립,본교,"전라남도 순천시 연향중앙상가길 68 , 순천부영초등학교 (연향동,부영초등학교)",061-721-6900,061-721-6923,34.94685134,127.5199174
558,초등학교,순천시,순천북초등학교,http://suncheonbuk.es.jne.kr,57940,공립,본교,"전라남도 순천시 북정2길 20 (매곡동,순천북초등학교)",061-751-3801,061-753-5297,34.96516412,127.4840572
557,초등학교,순천시,순천비봉초등학교,http://sc-bibong.es.jne.kr,57934,공립,본교,"전라남도 순천시 비봉길 90 (조례동,순천비봉초등학교)",061-720-1890,061-724-2553,34.96653156,127.5187584
556,초등학교,순천시,순천삼산초등학교,http://schsamsan.es.jne.kr,57938,공립,본교,"전라남도 순천시 삼산초등길 39 (석현동,순천삼산초등학교)",061-751-3857,061-753-4491,34.96665798,127.4882663
555,초등학교,순천시,순천성남초등학교,http://scsn.es.jne.kr,57959,공립,본교,"전라남도 순천시 우석로 160 (남정동,성남초등학교)",061-743-7105,061-743-7103,34.94242338,127.489642
554,초등학교,순천시,순천성동초등학교,http://ssd.es.jne.kr,57942,공립,본교,"전라남도 순천시 황금2길 28 (동외동,성동초등학교)",061-755-2003,061-755-2004,34.95433354,127.4866693
553,초등학교,순천시,순천신흥초등학교,http://sc-sinheung.es.jne.kr,57974,공립,본교,"전라남도 순천시 장선배기길 60 , 순천신흥초등학교 (조례동,신흥초등학교)",061-724-9674,061-724-9675,34.95395153,127.5280594
552,초등학교,순천시,순천연향초등학교,http://yeonhy.es.jne.kr,57990,공립,본교,"전라남도 순천시 연향번영길 11 (연향동,연향초등학교)",061-722-6252,061-722-6254,34.94370189,127.5169682
551,초등학교,순천시,순천왕운초등학교,http://wangun.es.jne.kr,57930,공립,본교,"전라남도 순천시 왕지3길 41 (왕지동,순천왕운초등학교)",061-721-1352,061-727-2038,34.9738478,127.5253092
550,초등학교,순천시,순천왕조초등학교,http://wangjo.es.jne.kr,57944,공립,본교,"전라남도 순천시 봉화1길 105 , 순천왕조초등학교",061-722-5744,061-722-5742,34.9606826,127.5138646
549,초등학교,순천시,순천왕지초등학교,http://wangji.es.jne.kr,57970,공립,본교,"전라남도 순천시 연동남3길 8 (조례동,왕지초등학교)",061-724-9507,061-724-9508,34.95705323,127.5344337
548,초등학교,순천시,순천용당초등학교,http://scyd.es.jne.kr,57936,공립,본교,"전라남도 순천시 용당초등길 33-10 (용당동,용당초등학교)",061-755-4230,061-751-4211,34.9755712,127.4899531
547,초등학교,순천시,순천율산초등학교,http://yulsan.es.jne.kr,58003,공립,본교,"전라남도 순천시 율산공원길 10 (연향동,율산초등학교)",061-725-5034,061-725-5035,34.93872908,127.525558
546,초등학교,순천시,순천이수초등학교,http://suncheonisoo.es.jne.kr,57966,공립,본교,"전라남도 순천시 우명길 24 (조례동,이수초등학교)",061-743-8611,061-743-8613,34.95034384,127.51172
545,초등학교,순천시,순천인안초등학교,http://suncheoninan.es.jne.kr,58027,공립,본교,"전라남도 순천시 순천만길 950 (인월동,순천인안초등학교)",061-741-1821,061-742-5814,34.89047815,127.4806694
544,초등학교,순천시,순천조례초등학교,http://scjr21.es.jne.kr,57948,공립,본교,"전라남도 순천시 순광로 15 (조례동,조례초등학교)",061-721-1992,061-722-8477,34.95606324,127.5224805
543,초등학교,순천시,순천중앙초등학교,http://scja.es.jne.kr,57962,공립,본교,"전라남도 순천시 중앙초등길 64 (풍덕동,중앙초등학교)",061-744-4223,061-744-3073,34.94253344,127.5006768
542,초등학교,진도군,조도초등학교대마분교장,http://jodo.es.jne.kr,58958,공립,분교,"전라남도 진도군 조도면 대마도길 26 , 조도초등학교대마분교장",061-544-5698,061-544-6610,34.27131578,125.993895
541,초등학교,진도군,지산초등학교,http://jisanele.es.jne.kr,58950,공립,본교,"전라남도 진도군 지산면 인지독치1길 21-12 (지산면,학교)",061-542-0014,061-542-2174,34.42237208,126.1667795
39,초등학교,목포시,목포부주초등학교,http://mpbj.es.jne.kr,58678,공립,,전라남도 목포시 남악 2로 22번길 37,061-260-2800,061-260-2828,34.80875132,126.4569519
36,초등학교,나주시,빛누리초등학교,http://bnr.es.jne.kr,58217,공립,,전라남도 나주시 한빛로 144,061-338-8773,061-338-8799,35.0299776,126.7857782
31,초등학교,여수시,나진초등학교용창분교장,http://najin.es.jne.kr,59658,공립,분교장,전라남도 여수시 화양면 용문사길 24,061-682-6029,061-682-6426,34.726936,127.6180169
28,초등학교,여수시,여수송현초등학교,http://yssonghyeon.es.jne.kr,59694,공립,,전남 여수시 웅천로 219,061-689-2900,061-692-3566,34.74159417,127.6858029
27,초등학교,목포시,목포백련초등학교,http://mpbr.es.jne.kr,58763,공립,,전라남도 목포시 연산백련로 40,061-802-7108,061-802-7110,34.81841363,126.3898567
23,초등학교,나주시,라온초등학교,http://raon.es.jne.kr,58326,공립,,전라남도 나주시 그린로 93,061-339-1871,061-333-5660,35.01439754,126.7793809
16,초등학교,나주시,한아름초등학교,http://hanareum.es.jne.kr,58329,공립,본교,전라남도 나주시 호수로 134 (빛가람동 848),061-339-9607,061-339-9680,35.01271991,126.7973839
12,초등학교,순천시,신대초등학교,http://sindae.es.jne.kr,58006,공립,본교,전라남도 순천시 해룡면 좌야로 159-10,061-720-0800,061-724-0566,34.93926588,127.5460919
2,초등학교,무안군,무안행복초등학교,http://haengbok.es.jne.kr,58580,공립,,전라남도 무안군 일로읍 오룡중앙동로 38,061-288-5800,061-287-5870,34.806207,126.485975
